-- phpMyAdmin SQL Dump
-- version 5.1.1
-- https://www.phpmyadmin.net/
--
-- Host: 127.0.0.1:3306
-- Generation Time: Aug 30, 2022 at 05:56 AM
-- Server version: 5.7.36
-- PHP Version: 7.4.26

SET SQL_MODE = "NO_AUTO_VALUE_ON_ZERO";
START TRANSACTION;
SET time_zone = "+00:00";


/*!40101 SET @OLD_CHARACTER_SET_CLIENT=@@CHARACTER_SET_CLIENT */;
/*!40101 SET @OLD_CHARACTER_SET_RESULTS=@@CHARACTER_SET_RESULTS */;
/*!40101 SET @OLD_COLLATION_CONNECTION=@@COLLATION_CONNECTION */;
/*!40101 SET NAMES utf8mb4 */;

--
-- Database: `trivfddu_wellness`
--

-- --------------------------------------------------------

--
-- Table structure for table `agent`
--

DROP TABLE IF EXISTS `agent`;
CREATE TABLE IF NOT EXISTS `agent` (
  `agent_id` int(11) NOT NULL AUTO_INCREMENT,
  `agent_code` varchar(255) NOT NULL,
  PRIMARY KEY (`agent_id`)
) ENGINE=MyISAM AUTO_INCREMENT=4 DEFAULT CHARSET=latin1;

--
-- Dumping data for table `agent`
--

INSERT INTO `agent` (`agent_id`, `agent_code`) VALUES
(1, 'rr1010101010eee'),
(2, 'wqqe122'),
(3, 'r22');

-- --------------------------------------------------------

--
-- Table structure for table `billing`
--

DROP TABLE IF EXISTS `billing`;
CREATE TABLE IF NOT EXISTS `billing` (
  `bill_id` int(11) NOT NULL AUTO_INCREMENT,
  `registration` int(11) NOT NULL,
  `bill_date` date NOT NULL,
  `sample_collected_id` int(11) NOT NULL,
  `patient_id` int(11) NOT NULL,
  `doctor_id` int(11) NOT NULL,
  `agent_id` int(11) NOT NULL,
  `lab_id` int(11) NOT NULL,
  `sample_source` varchar(255) COLLATE utf8_unicode_ci NOT NULL,
  `status` varchar(100) COLLATE utf8_unicode_ci NOT NULL,
  `amount_collected` varchar(255) COLLATE utf8_unicode_ci NOT NULL,
  `collection_charge` int(11) NOT NULL,
  `discount` int(11) NOT NULL,
  `total_amount` int(11) NOT NULL,
  `date` datetime NOT NULL DEFAULT CURRENT_TIMESTAMP,
  PRIMARY KEY (`bill_id`)
) ENGINE=InnoDB AUTO_INCREMENT=407 DEFAULT CHARSET=utf8 COLLATE=utf8_unicode_ci;

--
-- Dumping data for table `billing`
--

INSERT INTO `billing` (`bill_id`, `registration`, `bill_date`, `sample_collected_id`, `patient_id`, `doctor_id`, `agent_id`, `lab_id`, `sample_source`, `status`, `amount_collected`, `collection_charge`, `discount`, `total_amount`, `date`) VALUES
(4, 3, '2021-01-25', 0, 5, 3, 0, 0, '', '', '', 100, 10, 900, '2021-01-26 15:03:36'),
(5, 4, '2021-01-25', 0, 6, 4, 0, 0, '', '', '', 0, 0, 20, '2021-01-26 15:07:46'),
(6, 5, '2021-01-25', 0, 7, 4, 0, 0, '', '', '', 0, 0, 2500, '2021-01-26 15:08:31'),
(7, 6, '2020-12-22', 0, 8, 5, 0, 0, '', '', '', 0, 0, 2940, '2021-02-01 04:24:57'),
(8, 7, '2021-02-03', 0, 5, 5, 0, 0, '', '', '', 50, 10, 2053, '2021-02-02 03:38:02'),
(9, 8, '2021-02-01', 0, 9, 6, 0, 0, '', '', '', 0, 0, 170, '2021-02-03 07:30:28'),
(10, 9, '2021-02-01', 0, 10, 7, 0, 0, '', '', '', 0, 0, 320, '2021-02-03 07:40:55'),
(12, 11, '2021-02-02', 0, 12, 7, 0, 0, '', '', '', 500, 10, 1125, '2021-02-04 12:09:25'),
(13, 12, '2021-02-04', 0, 12, 7, 0, 0, '', '', '', 0, 0, 300, '2021-02-04 12:14:44'),
(14, 13, '2021-02-04', 0, 13, 8, 0, 0, '', '', '', 0, 0, 1300, '2021-02-04 13:08:26'),
(15, 14, '2021-02-07', 0, 14, 9, 0, 0, '', '', '', 0, 0, 1450, '2021-02-07 07:17:26'),
(16, 15, '2021-02-07', 0, 15, 10, 0, 0, '', '', '', 0, 0, 120, '2021-02-07 07:19:41'),
(17, 16, '2021-02-07', 0, 16, 11, 0, 0, '', '', '', 0, 0, 300, '2021-02-07 07:29:44'),
(18, 17, '2021-02-08', 0, 17, 12, 0, 0, '', '', '', 0, 0, 2140, '2021-02-09 05:13:31'),
(19, 18, '2021-02-04', 0, 18, 13, 0, 0, '', '', '', 0, 0, 5310, '2021-02-09 05:24:45'),
(20, 19, '2021-02-09', 0, 19, 14, 0, 0, '', '', '', 0, 0, 3020, '2021-02-10 07:06:44'),
(21, 20, '2021-02-16', 0, 20, 15, 0, 0, '', '', '', 0, 0, 2550, '2021-02-17 04:53:24'),
(22, 21, '2021-02-15', 0, 21, 8, 0, 0, '', '', '', 0, 0, 500, '2021-02-17 16:32:54'),
(23, 22, '2021-02-15', 0, 22, 8, 0, 0, '', '', '', 0, 0, 1510, '2021-02-17 16:38:08'),
(24, 23, '2021-02-15', 0, 23, 16, 0, 0, '', '', '', 0, 0, 1500, '2021-02-17 16:42:46'),
(25, 24, '2021-02-22', 0, 24, 15, 0, 0, '', '', '', 0, 0, 2550, '2021-02-24 03:32:05'),
(26, 25, '2021-02-23', 0, 25, 17, 0, 0, '', '', '', 0, 0, 5250, '2021-02-25 04:42:24'),
(27, 26, '2021-02-22', 0, 26, 18, 0, 0, '', '', '', 0, 0, 1910, '2021-03-01 04:15:01'),
(28, 27, '2021-02-27', 0, 27, 17, 0, 0, '', '', '', 0, 0, 1540, '2021-03-01 04:23:27'),
(29, 28, '2021-02-24', 0, 28, 17, 0, 0, '', '', '', 0, 0, 4000, '2021-03-01 04:30:41'),
(30, 29, '2021-03-01', 0, 29, 11, 0, 0, '', '', '', 0, 0, 1150, '2021-03-01 12:17:46'),
(31, 30, '2021-03-01', 0, 30, 12, 0, 0, '', '', '', 0, 0, 3760, '2021-03-02 05:17:38'),
(32, 31, '2021-03-01', 0, 31, 12, 0, 0, '', '', '', 0, 0, 3760, '2021-03-02 05:29:52'),
(33, 32, '2021-03-01', 0, 32, 15, 0, 0, '', '', '', 0, 0, 2800, '2021-03-02 05:33:50'),
(34, 33, '2021-03-09', 0, 36, 1, 0, 0, '', '', '', 10, 10, 360, '2021-03-02 07:24:20'),
(35, 34, '2021-03-03', 0, 36, 3, 0, 0, '', '', '', 10, 10, 270, '2021-03-02 07:26:47'),
(37, 36, '2021-03-03', 0, 38, 5, 0, 0, '', '', '', 700, 10, 900, '2021-03-02 07:36:41'),
(38, 37, '2021-03-16', 0, 39, 1, 0, 0, '', '', '', 10, 10, 450, '2021-03-02 08:09:49'),
(39, 38, '2021-03-03', 0, 40, 17, 0, 0, '', '', '', 0, 0, 1160, '2021-03-03 11:45:40'),
(40, 39, '2021-03-03', 0, 41, 11, 0, 0, '', '', '', 0, 0, 280, '2021-03-03 11:47:04'),
(41, 40, '2021-03-02', 0, 42, 11, 0, 0, '', '', '', 0, 0, 650, '2021-03-05 03:11:42'),
(42, 41, '2021-02-15', 0, 43, 11, 0, 0, '', '', '', 0, 0, 3390, '2021-03-06 05:53:26'),
(43, 42, '2021-03-02', 0, 44, 19, 0, 0, '', '', '', 0, 0, 790, '2021-03-06 05:57:03'),
(44, 43, '2021-03-05', 0, 45, 11, 0, 0, '', '', '', 0, 0, 2770, '2021-03-06 06:00:01'),
(45, 44, '2021-03-12', 0, 46, 20, 0, 0, '', '', '', 0, 0, 630, '2021-03-13 04:31:01'),
(46, 45, '2021-03-13', 0, 47, 8, 0, 0, '', '', '', 0, 0, 220, '2021-03-15 05:22:21'),
(47, 46, '2021-03-13', 0, 48, 8, 0, 0, '', '', '', 0, 0, 120, '2021-03-15 05:24:53'),
(48, 47, '2021-03-13', 0, 49, 21, 0, 0, '', '', '', 0, 0, 1360, '2021-03-15 05:29:05'),
(49, 48, '2021-03-12', 0, 50, 22, 0, 0, '', '', '', 0, 0, 5790, '2021-03-17 05:46:51'),
(50, 49, '2021-02-23', 0, 51, 17, 0, 0, '', '', '', 0, 0, 2010, '2021-03-18 06:25:35'),
(51, 50, '2021-03-08', 0, 52, 8, 0, 0, '', '', '', 0, 0, 1460, '2021-03-19 05:01:39'),
(52, 51, '2021-03-08', 0, 53, 11, 0, 0, '', '', '', 0, 0, 760, '2021-03-19 05:05:17'),
(53, 52, '2021-03-19', 0, 54, 23, 0, 0, '', '', '', 0, 20, 2136, '2021-03-20 04:54:34'),
(54, 53, '2021-03-19', 0, 55, 24, 0, 0, '', '', '', 0, 0, 1850, '2021-03-20 04:59:01'),
(55, 54, '2021-03-24', 0, 56, 11, 0, 0, '', '', '', 0, 0, 600, '2021-03-25 04:58:42'),
(56, 55, '2021-03-25', 0, 57, 46, 0, 0, '', '', '', 0, 0, 2210, '2021-03-26 08:18:19'),
(57, 56, '2021-03-25', 0, 58, 26, 0, 0, '', '', '', 0, 0, 1940, '2021-03-26 08:22:24'),
(58, 57, '2021-03-25', 0, 59, 11, 0, 0, '', '', '', 0, 0, 1040, '2021-03-26 08:27:08'),
(59, 58, '2021-03-25', 0, 60, 11, 0, 0, '', '', '', 0, 0, 1040, '2021-03-26 08:28:54'),
(60, 59, '2021-03-25', 0, 61, 11, 0, 0, '', '', '', 0, 0, 3800, '2021-03-30 05:03:29'),
(61, 60, '2021-03-23', 0, 62, 27, 0, 0, '', '', '', 0, 0, 2500, '2021-03-30 05:09:37'),
(62, 61, '2021-03-22', 0, 63, 28, 0, 0, '', '', '', 0, 0, 4620, '2021-04-01 05:01:12'),
(63, 62, '2021-03-31', 0, 64, 28, 0, 0, '', '', '', 0, 0, 350, '2021-04-01 05:02:51'),
(64, 63, '2021-03-31', 0, 65, 11, 0, 0, '', '', '', 0, 0, 700, '2021-04-01 05:07:48'),
(65, 64, '2021-03-31', 0, 66, 27, 0, 0, '', '', '', 0, 0, 1500, '2021-04-02 05:00:04'),
(66, 65, '2021-04-02', 0, 67, 29, 0, 0, '', '', '', 0, 0, 3480, '2021-04-03 13:36:38'),
(67, 66, '2021-04-02', 0, 68, 30, 0, 0, '', '', '', 0, 0, 1680, '2021-04-05 06:37:00'),
(68, 67, '2021-04-08', 0, 69, 31, 0, 0, '', '', '', 0, 0, 500, '2021-04-09 05:10:28'),
(69, 68, '2021-04-07', 0, 70, 32, 0, 0, '', '', '', 0, 0, 2650, '2021-04-09 06:45:11'),
(70, 69, '2021-04-09', 0, 71, 33, 0, 0, '', '', '', 0, 0, 1890, '2021-04-10 05:23:51'),
(71, 70, '2021-04-13', 0, 72, 34, 0, 0, '', '', '', 0, 0, 4230, '2021-04-14 07:33:16'),
(72, 71, '2021-04-15', 0, 73, 1, 0, 0, '', '', '', 10, 10, 90, '2021-04-15 10:02:01'),
(73, 72, '2021-04-14', 0, 74, 35, 0, 0, '', '', '', 0, 0, 400, '2021-04-19 04:24:19'),
(74, 73, '2021-04-18', 0, 76, 17, 0, 0, '', '', '', 0, 0, 100, '2021-04-19 16:27:19'),
(75, 74, '2021-03-02', 0, 77, 11, 0, 0, '', '', '', 0, 0, 3200, '2021-04-20 05:04:12'),
(76, 75, '2021-03-02', 0, 78, 11, 0, 0, '', '', '', 0, 0, 2800, '2021-04-20 05:11:41'),
(77, 76, '2021-03-02', 0, 79, 11, 0, 0, '', '', '', 0, 0, 3250, '2021-04-20 05:14:14'),
(78, 77, '2021-04-20', 0, 80, 36, 0, 0, '', '', '', 50, 40, 180, '2021-04-20 12:21:25'),
(79, 78, '2021-04-20', 0, 81, 24, 0, 0, '', '', '', 0, 0, 2170, '2021-04-21 05:09:28'),
(80, 79, '2021-04-20', 0, 82, 37, 0, 0, '', '', '', 0, 0, 200, '2021-04-21 05:14:30'),
(81, 80, '2021-04-21', 0, 83, 8, 0, 0, '', '', '', 0, 0, 2800, '2021-04-22 06:11:10'),
(82, 81, '2021-04-20', 0, 84, 11, 0, 0, '', '', '', 0, 0, 1140, '2021-04-26 04:03:55'),
(83, 82, '2021-04-26', 0, 85, 1, 0, 0, '', '', '', 10, 10, 90, '2021-04-26 05:32:13'),
(84, 83, '2021-04-26', 0, 87, 1, 0, 0, '', '', '', 10, 10, 90, '2021-04-26 05:43:23'),
(85, 84, '2021-04-20', 0, 88, 38, 0, 0, '', '', '', 0, 0, 200, '2021-04-26 05:55:37'),
(86, 85, '2021-04-20', 0, 89, 11, 0, 0, '', '', '', 0, 0, 30, '2021-04-26 05:56:45'),
(87, 86, '2021-04-22', 0, 7, 11, 0, 0, '', '', '', 0, 0, 10, '2021-04-26 05:57:27'),
(88, 87, '2021-04-14', 0, 90, 7, 0, 0, '', '', '', 0, 0, 600, '2021-04-26 05:58:15'),
(89, 88, '2021-04-12', 0, 91, 7, 0, 0, '', '', '', 0, 0, 25, '2021-04-26 06:01:48'),
(90, 89, '2021-04-20', 0, 92, 39, 0, 0, '', '', '', 0, 0, 2300, '2021-04-26 07:03:29'),
(91, 90, '2021-04-22', 0, 93, 40, 0, 0, '', '', '', 200, 0, 4000, '2021-04-29 05:14:40'),
(92, 91, '2021-04-23', 0, 94, 41, 0, 0, '', '', '', 200, 0, 4000, '2021-04-29 05:24:48'),
(93, 92, '2021-04-23', 0, 95, 40, 0, 0, '', '', '', 200, 0, 4100, '2021-04-29 05:52:27'),
(94, 93, '2021-04-24', 0, 96, 41, 0, 0, '', '', '', 0, 0, 1000, '2021-04-29 05:57:25'),
(95, 94, '2021-04-24', 0, 97, 40, 0, 0, '', '', '', 0, 0, 1000, '2021-04-29 06:11:55'),
(96, 95, '2021-04-24', 0, 98, 40, 0, 0, '', '', '', 0, 0, 1000, '2021-04-29 06:15:22'),
(97, 96, '2021-04-26', 0, 99, 40, 0, 0, '', '', '', 200, 0, 4500, '2021-04-29 06:21:29'),
(98, 97, '2021-04-28', 0, 100, 40, 0, 0, '', '', '', 200, 0, 3350, '2021-04-29 06:25:37'),
(99, 98, '2021-04-29', 0, 101, 17, 0, 0, '', '', '', 0, 0, 2000, '2021-04-30 14:18:48'),
(100, 99, '2021-03-08', 0, 102, 42, 0, 0, '', '', '', 0, 0, 700, '2021-05-05 07:35:22'),
(101, 100, '2021-05-04', 0, 103, 17, 0, 0, '', '', '', 0, 0, 3700, '2021-05-06 05:35:32'),
(102, 101, '2021-05-04', 0, 104, 17, 0, 0, '', '', '', 0, 0, 100, '2021-05-06 05:36:51'),
(103, 102, '2021-03-13', 0, 105, 43, 0, 0, '', '', '', 0, 0, 550, '2021-05-10 08:18:48'),
(104, 103, '2021-05-07', 0, 106, 37, 0, 0, '', '', '', 0, 0, 1720, '2021-05-11 08:44:41'),
(105, 104, '2021-05-11', 0, 107, 44, 0, 0, '', '', '', 0, 0, 3100, '2021-05-12 05:00:29'),
(106, 105, '2021-05-12', 0, 0, 45, 0, 0, '', '', '', 0, 0, 2120, '2021-05-13 05:14:55'),
(107, 106, '2021-05-12', 0, 108, 45, 0, 0, '', '', '', 0, 0, 2120, '2021-05-13 05:17:08'),
(108, 107, '2021-04-27', 0, 109, 46, 0, 0, '', '', '', 0, 0, 600, '2021-05-22 06:08:04'),
(109, 108, '2021-05-17', 0, 110, 42, 0, 0, '', '', '', 0, 0, 1120, '2021-05-22 06:13:58'),
(110, 109, '2021-05-22', 0, 111, 42, 0, 0, '', '', '', 0, 0, 1700, '2021-05-24 04:59:55'),
(111, 110, '2021-05-22', 0, 112, 42, 0, 0, '', '', '', 0, 0, 1700, '2021-05-24 05:07:26'),
(112, 111, '2021-05-22', 0, 113, 47, 0, 0, '', '', '', 0, 0, 960, '2021-05-24 05:16:23'),
(113, 112, '2021-05-24', 0, 114, 42, 0, 0, '', '', '', 0, 0, 1370, '2021-05-25 05:46:14'),
(114, 113, '2021-05-09', 0, 115, 46, 0, 0, '', '', '', 0, 0, 500, '2021-05-25 14:39:20'),
(115, 114, '2021-05-11', 0, 116, 52, 0, 0, '', '', '', 0, 0, 1200, '2021-05-26 04:58:30'),
(116, 115, '2021-05-11', 0, 117, 52, 0, 0, '', '', '', 0, 0, 1200, '2021-05-26 05:07:21'),
(117, 116, '2021-05-25', 0, 118, 48, 0, 0, '', '', '', 0, 0, 6600, '2021-05-26 05:12:06'),
(118, 117, '2021-05-11', 0, 119, 24, 0, 0, '', '', '', 0, 0, 50, '2021-05-26 05:17:26'),
(119, 118, '2021-05-08', 0, 120, 52, 0, 0, '', '', '', 0, 0, 4270, '2021-05-26 05:24:03'),
(120, 119, '2021-05-14', 0, 121, 52, 0, 0, '', '', '', 0, 0, 2850, '2021-05-26 05:43:15'),
(121, 120, '2021-05-11', 0, 122, 52, 0, 0, '', '', '', 0, 0, 1850, '2021-05-26 05:49:05'),
(122, 121, '2021-05-11', 0, 123, 52, 0, 0, '', '', '', 0, 0, 1850, '2021-05-26 05:53:31'),
(123, 122, '2021-05-08', 0, 124, 52, 0, 0, '', '', '', 0, 0, 4450, '2021-05-26 05:57:34'),
(124, 123, '2021-05-08', 0, 125, 52, 0, 0, '', '', '', 0, 0, 4450, '2021-05-26 06:01:40'),
(125, 124, '2021-05-14', 0, 126, 52, 0, 0, '', '', '', 0, 0, 1850, '2021-05-26 06:10:40'),
(126, 125, '2021-05-24', 0, 127, 46, 0, 0, '', '', '', 0, 0, 600, '2021-05-26 06:14:41'),
(127, 126, '2021-05-24', 0, 128, 46, 0, 0, '', '', '', 0, 0, 2340, '2021-05-26 06:21:00'),
(128, 127, '2021-05-17', 0, 129, 49, 0, 0, '', '', '', 0, 0, 4800, '2021-05-26 06:25:28'),
(129, 128, '2021-05-17', 0, 130, 49, 0, 0, '', '', '', 0, 0, 2200, '2021-05-26 06:33:44'),
(130, 129, '2021-05-17', 0, 131, 49, 0, 0, '', '', '', 0, 0, 5800, '2021-05-26 06:39:42'),
(131, 130, '2021-05-27', 0, 132, 46, 0, 0, '', '', '', 0, 0, 1370, '2021-05-28 05:02:30'),
(132, 131, '2021-05-25', 0, 133, 50, 0, 0, '', '', '', 0, 0, 2410, '2021-05-28 05:25:32'),
(133, 132, '2021-05-20', 0, 134, 51, 0, 0, '', '', '', 0, 0, 4560, '2021-05-29 05:09:48'),
(135, 133, '2021-05-24', 0, 136, 53, 0, 0, '', '', '', 0, 0, 3250, '2021-06-02 06:52:59'),
(136, 134, '2021-06-01', 0, 137, 48, 0, 0, '', '', '', 0, 0, 6500, '2021-06-02 07:41:08'),
(137, 135, '2021-05-08', 0, 138, 53, 0, 0, '', '', '', 0, 0, 4450, '2021-06-03 05:44:10'),
(138, 136, '2021-05-14', 0, 139, 53, 0, 0, '', '', '', 0, 0, 1850, '2021-06-03 05:45:34'),
(139, 137, '2021-05-14', 0, 140, 53, 0, 0, '', '', '', 0, 0, 2850, '2021-06-03 05:47:33'),
(140, 138, '2021-05-11', 0, 141, 53, 0, 0, '', '', '', 0, 0, 1200, '2021-06-03 05:50:04'),
(141, 139, '2021-05-11', 0, 142, 53, 0, 0, '', '', '', 0, 0, 1200, '2021-06-03 05:57:11'),
(142, 140, '2021-05-08', 0, 143, 53, 0, 0, '', '', '', 0, 0, 4450, '2021-06-03 05:59:22'),
(143, 141, '2021-05-24', 0, 144, 53, 0, 0, '', '', '', 0, 0, 1050, '2021-06-04 08:30:34'),
(144, 142, '2021-06-02', 0, 145, 54, 0, 0, '', '', '', 110, 0, 950, '2021-06-04 14:05:58'),
(145, 143, '2021-06-02', 0, 146, 55, 0, 0, '', '', '', 0, 0, 2700, '2021-06-05 05:28:43'),
(146, 144, '2021-06-03', 0, 147, 46, 0, 0, '', '', '', 0, 0, 4970, '2021-06-07 08:21:55'),
(147, 145, '2021-05-27', 0, 148, 42, 0, 0, '', '', '', 0, 0, 6460, '2021-06-08 06:12:20'),
(148, 146, '2021-06-08', 0, 149, 15, 0, 0, '', '', '', 0, 0, 3120, '2021-06-09 05:21:47'),
(149, 147, '2021-06-08', 0, 150, 34, 0, 0, '', '', '', 0, 0, 2080, '2021-06-11 09:08:50'),
(150, 148, '2021-06-07', 0, 151, 56, 0, 0, '', '', '', 200, 0, 3200, '2021-06-11 09:19:50'),
(151, 149, '2021-06-09', 0, 152, 48, 0, 0, '', '', '', 0, 0, 6600, '2021-06-12 05:19:49'),
(152, 150, '2021-06-14', 0, 153, 42, 0, 0, '', '', '', 0, 0, 270, '2021-06-15 05:41:20'),
(153, 151, '2021-06-14', 0, 154, 57, 0, 0, '', '', '', 0, 0, 2500, '2021-06-15 05:48:15'),
(154, 152, '2021-05-09', 0, 155, 37, 0, 0, '', '', '', 0, 0, 1690, '2021-06-15 06:06:09'),
(155, 153, '2021-05-10', 0, 156, 37, 0, 0, '', '', '', 0, 0, 1620, '2021-06-15 06:12:56'),
(156, 154, '2021-05-11', 0, 157, 50, 0, 0, '', '', '', 0, 0, 4000, '2021-06-15 06:18:20'),
(157, 155, '2021-05-21', 0, 159, 46, 0, 0, '', '', '', 0, 0, 1320, '2021-06-15 06:26:56'),
(159, 157, '2021-06-15', 0, 161, 17, 0, 0, '', '', '', 0, 0, 2700, '2021-06-16 08:00:38'),
(160, 158, '2021-06-05', 0, 162, 46, 0, 0, '', '', '', 0, 0, 2500, '2021-06-18 08:28:09'),
(161, 159, '2021-05-19', 0, 163, 46, 0, 0, '', '', '', 0, 0, 3300, '2021-06-18 08:34:49'),
(162, 160, '2021-06-10', 0, 164, 58, 0, 0, '', '', '', 0, 0, 750, '2021-06-19 04:56:19'),
(163, 161, '2021-06-17', 0, 165, 59, 0, 0, '', '', '', 0, 0, 1100, '2021-06-19 05:08:07'),
(164, 162, '2021-06-14', 0, 166, 42, 0, 0, '', '', '', 0, 0, 270, '2021-06-19 05:09:56'),
(165, 163, '2021-06-12', 0, 167, 60, 0, 0, '', '', '', 0, 0, 1710, '2021-06-19 05:12:45'),
(166, 164, '2021-06-19', 0, 168, 46, 0, 0, '', '', '', 0, 0, 1100, '2021-06-22 05:33:56'),
(167, 165, '2021-06-21', 0, 169, 42, 0, 0, '', '', '', 0, 0, 1300, '2021-06-25 05:07:51'),
(168, 166, '2021-05-31', 0, 170, 42, 0, 0, '', '', '', 0, 0, 2990, '2021-06-25 05:19:47'),
(169, 167, '2021-05-31', 0, 171, 42, 0, 0, '', '', '', 0, 0, 3000, '2021-06-25 05:40:54'),
(170, 168, '2021-06-26', 0, 172, 48, 0, 0, '', '', '', 0, 0, 4300, '2021-06-28 05:43:32'),
(171, 169, '2021-06-26', 0, 173, 61, 0, 0, '', '', '', 0, 0, 1640, '2021-06-28 05:54:46'),
(172, 170, '2021-06-28', 0, 174, 42, 0, 0, '', '', '', 0, 0, 1120, '2021-06-29 05:06:51'),
(173, 171, '2021-06-28', 0, 175, 42, 0, 0, '', '', '', 0, 0, 2100, '2021-06-29 05:09:18'),
(174, 172, '2021-06-28', 0, 176, 62, 0, 0, '', '', '', 0, 0, 120, '2021-06-29 05:11:12'),
(175, 173, '2021-06-28', 0, 177, 62, 0, 0, '', '', '', 0, 0, 120, '2021-06-29 05:14:38'),
(176, 174, '2021-06-19', 0, 178, 48, 0, 0, '', '', '', 0, 0, 5800, '2021-06-29 05:20:03'),
(177, 175, '2021-06-15', 0, 179, 48, 0, 0, '', '', '', 0, 0, 5800, '2021-06-29 05:24:54'),
(178, 176, '2021-06-30', 0, 180, 34, 0, 0, '', '', '', 0, 0, 1970, '2021-07-01 17:35:53'),
(179, 177, '2021-06-30', 0, 181, 34, 0, 0, '', '', '', 0, 0, 4590, '2021-07-01 17:40:34'),
(180, 178, '2021-06-30', 0, 182, 17, 0, 0, '', '', '', 0, 0, 1620, '2021-07-07 05:40:10'),
(181, 179, '2021-06-28', 0, 183, 46, 0, 0, '', '', '', 0, 0, 140, '2021-07-07 05:47:18'),
(182, 180, '2021-06-29', 0, 184, 50, 0, 0, '', '', '', 0, 0, 2050, '2021-07-07 05:50:10'),
(183, 181, '2021-07-05', 0, 185, 7, 0, 0, '', '', '', 0, 0, 1420, '2021-07-07 05:52:22'),
(184, 182, '2021-07-06', 0, 186, 17, 0, 0, '', '', '', 200, 0, 6700, '2021-07-10 05:18:50'),
(185, 183, '2021-07-06', 0, 187, 17, 0, 0, '', '', '', 200, 0, 6700, '2021-07-10 05:20:28'),
(186, 184, '2021-07-10', 0, 188, 17, 0, 0, '', '', '', 0, 0, 1500, '2021-07-13 09:35:36'),
(187, 185, '2021-07-10', 0, 189, 17, 0, 0, '', '', '', 0, 0, 4850, '2021-07-13 09:43:00'),
(188, 186, '2021-07-09', 0, 190, 63, 0, 0, '', '', '', 0, 0, 3710, '2021-07-17 05:06:37'),
(189, 187, '2021-07-15', 0, 191, 64, 0, 0, '', '', '', 0, 0, 1150, '2021-07-17 05:11:38'),
(190, 188, '2021-06-12', 0, 192, 65, 0, 0, '', '', '', 0, 0, 2020, '2021-07-20 10:56:10'),
(191, 189, '2021-06-30', 0, 193, 46, 0, 0, '', '', '', 0, 0, 670, '2021-07-20 12:42:04'),
(192, 190, '2021-06-08', 0, 194, 65, 0, 0, '', '', '', 0, 0, 5070, '2021-07-20 12:45:55'),
(193, 191, '2021-06-14', 0, 195, 65, 0, 0, '', '', '', 0, 0, 1970, '2021-07-20 12:53:26'),
(194, 192, '2021-06-14', 0, 196, 65, 0, 0, '', '', '', 0, 0, 800, '2021-07-20 12:56:28'),
(195, 193, '2021-06-08', 0, 197, 65, 0, 0, '', '', '', 0, 0, 4520, '2021-07-20 12:59:41'),
(196, 194, '2021-06-14', 0, 198, 65, 0, 0, '', '', '', 0, 0, 1870, '2021-07-20 13:06:00'),
(197, 195, '2021-06-08', 0, 199, 65, 0, 0, '', '', '', 0, 0, 3350, '2021-07-20 13:10:53'),
(198, 196, '2021-06-09', 0, 200, 65, 0, 0, '', '', '', 0, 0, 200, '2021-07-20 13:13:07'),
(199, 197, '2021-06-14', 0, 201, 65, 0, 0, '', '', '', 0, 0, 1720, '2021-07-20 13:15:57'),
(200, 198, '2021-06-30', 0, 202, 46, 0, 0, '', '', '', 0, 0, 600, '2021-07-20 13:19:04'),
(201, 199, '2021-06-11', 0, 203, 66, 0, 0, '', '', '', 0, 0, 600, '2021-07-20 13:21:27'),
(202, 200, '2021-06-11', 0, 204, 65, 0, 0, '', '', '', 0, 0, 520, '2021-07-20 13:25:06'),
(203, 201, '2021-06-03', 0, 205, 46, 0, 0, '', '', '', 0, 0, 5070, '2021-07-20 13:28:26'),
(204, 202, '2021-07-17', 0, 206, 67, 0, 0, '', '', '', 0, 0, 620, '2021-07-21 05:39:00'),
(205, 203, '2021-07-17', 0, 207, 67, 0, 0, '', '', '', 0, 0, 1070, '2021-07-21 05:41:21'),
(206, 204, '2021-07-16', 0, 208, 47, 0, 0, '', '', '', 0, 0, 1970, '2021-07-22 06:42:10'),
(207, 205, '2021-07-17', 0, 209, 17, 0, 0, '', '', '', 0, 0, 1000, '2021-07-22 07:03:41'),
(208, 206, '2021-07-20', 0, 210, 68, 0, 0, '', '', '', 0, 0, 780, '2021-07-22 07:11:00'),
(209, 207, '2021-07-27', 0, 211, 46, 0, 0, '', '', '', 0, 0, 840, '2021-07-28 08:35:06'),
(210, 208, '2021-07-27', 0, 212, 46, 0, 0, '', '', '', 0, 0, 350, '2021-07-28 08:37:31'),
(211, 209, '2021-07-27', 0, 213, 37, 0, 0, '', '', '', 0, 0, 2840, '2021-07-28 08:42:02'),
(212, 210, '2021-07-27', 0, 214, 17, 0, 0, '', '', '', 0, 0, 3800, '2021-07-28 08:45:28'),
(213, 211, '2021-07-19', 0, 215, 69, 0, 0, '', '', '', 0, 0, 780, '2021-07-28 09:20:32'),
(214, 212, '2021-07-19', 0, 216, 69, 0, 0, '', '', '', 0, 0, 620, '2021-07-28 09:29:44'),
(215, 213, '2021-07-19', 0, 215, 69, 0, 0, '', '', '', 0, 0, 780, '2021-07-28 11:03:08'),
(216, 214, '2021-07-19', 0, 217, 69, 0, 0, '', '', '', 0, 0, 620, '2021-07-28 11:07:03'),
(217, 215, '2021-07-01', 0, 218, 42, 0, 0, '', '', '', 0, 0, 600, '2021-07-31 03:41:30'),
(218, 216, '2021-06-06', 0, 219, 65, 0, 0, '', '', '', 0, 0, 2750, '2021-08-02 05:44:49'),
(219, 217, '2021-06-06', 0, 220, 65, 0, 0, '', '', '', 0, 0, 2650, '2021-08-02 05:48:15'),
(220, 218, '2021-07-30', 0, 221, 70, 0, 0, '', '', '', 0, 0, 1040, '2021-08-03 06:06:31'),
(221, 219, '2021-08-04', 0, 222, 71, 0, 0, '', '', '', 0, 0, 420, '2021-08-05 04:27:06'),
(222, 220, '2021-08-06', 0, 223, 46, 0, 0, '', '', '', 0, 0, 1550, '2021-08-08 06:43:17'),
(223, 221, '2021-08-05', 0, 224, 46, 0, 0, '', '', '', 0, 0, 300, '2021-08-09 03:59:12'),
(224, 222, '2021-08-03', 0, 224, 46, 0, 0, '', '', '', 0, 0, 5470, '2021-08-09 04:03:39'),
(225, 223, '2021-07-05', 0, 224, 46, 0, 0, '', '', '', 0, 0, 300, '2021-08-09 04:14:56'),
(226, 224, '2021-07-03', 0, 224, 46, 0, 0, '', '', '', 0, 0, 5470, '2021-08-09 04:18:47'),
(227, 225, '2021-08-05', 0, 225, 72, 0, 0, '', '', '', 0, 0, 3500, '2021-08-09 05:08:33'),
(228, 226, '2021-07-26', 0, 226, 17, 0, 0, '', '', '', 0, 0, 3900, '2021-08-10 05:54:20'),
(229, 227, '2021-08-09', 0, 227, 64, 0, 0, '', '', '', 0, 0, 2100, '2021-08-10 08:30:59'),
(230, 228, '2021-08-09', 0, 228, 64, 0, 0, '', '', '', 0, 0, 400, '2021-08-10 08:34:19'),
(231, 229, '2021-08-09', 0, 227, 64, 0, 0, '', '', '', 0, 0, 2100, '2021-08-10 08:42:40'),
(232, 230, '2021-08-09', 0, 227, 64, 0, 0, '', '', '', 0, 0, 2500, '2021-08-10 09:03:04'),
(233, 231, '2021-08-07', 0, 229, 73, 0, 0, '', '', '', 0, 0, 3030, '2021-08-13 16:52:17'),
(234, 232, '2021-08-14', 0, 230, 74, 0, 0, '', '', '', 0, 0, 4900, '2021-08-16 08:06:44'),
(235, 233, '2021-08-24', 0, 231, 75, 0, 0, '', '', '', 0, 0, 4150, '2021-08-26 05:25:56'),
(236, 234, '2021-08-23', 0, 232, 37, 0, 0, '', '', '', 0, 0, 1820, '2021-08-27 05:32:11'),
(237, 235, '2021-08-26', 0, 233, 46, 0, 0, '', '', '', 0, 0, 3100, '2021-08-27 05:37:32'),
(238, 236, '2021-08-30', 0, 234, 42, 0, 0, '', '', '', 0, 0, 1600, '2021-08-31 11:36:43'),
(239, 237, '2021-09-01', 0, 235, 76, 0, 0, '', '', '', 0, 0, 2070, '2021-09-02 05:41:06'),
(240, 238, '2021-08-30', 0, 236, 77, 0, 0, '', '', '', 0, 0, 300, '2021-09-06 06:11:44'),
(241, 239, '2021-09-04', 0, 237, 46, 0, 0, '', '', '', 0, 0, 550, '2021-09-06 14:44:15'),
(242, 240, '2021-08-31', 0, 238, 78, 0, 0, '', '', '', 0, 0, 1860, '2021-09-07 08:43:16'),
(243, 241, '2021-09-13', 0, 239, 46, 0, 0, '', '', '', 0, 0, 1420, '2021-09-15 09:53:52'),
(244, 242, '2021-09-15', 0, 240, 79, 0, 0, '', '', '', 0, 0, 500, '2021-09-16 04:54:37'),
(245, 243, '2021-09-11', 0, 241, 17, 0, 0, '', '', '', 0, 0, 1360, '2021-09-18 05:03:39'),
(246, 244, '2021-09-11', 0, 242, 17, 0, 0, '', '', '', 0, 0, 1700, '2021-09-18 05:07:17'),
(247, 245, '2021-09-18', 0, 243, 17, 0, 0, '', '', '', 0, 0, 1100, '2021-09-22 05:06:32'),
(248, 246, '2021-09-17', 0, 244, 17, 0, 0, '', '', '', 0, 0, 250, '2021-09-22 05:08:54'),
(249, 247, '2021-09-18', 0, 245, 48, 0, 0, '', '', '', 0, 0, 9090, '2021-09-22 05:14:23'),
(250, 248, '2021-09-18', 0, 246, 80, 0, 0, '', '', '', 0, 0, 1120, '2021-09-22 05:17:58'),
(251, 249, '2021-09-24', 0, 247, 48, 0, 0, '', '', '', 0, 0, 6590, '2021-09-25 05:11:59'),
(252, 250, '2021-09-24', 0, 248, 48, 0, 0, '', '', '', 0, 0, 1960, '2021-09-25 05:14:36'),
(253, 251, '2021-09-25', 0, 249, 17, 0, 0, '', '', '', 0, 0, 4450, '2021-09-27 04:39:49'),
(254, 252, '2021-09-27', 0, 250, 81, 0, 0, '', '', '', 0, 0, 770, '2021-09-28 05:15:05'),
(255, 253, '2021-09-27', 0, 251, 50, 0, 0, '', '', '', 0, 0, 3150, '2021-09-29 05:31:06'),
(256, 254, '2021-09-28', 0, 252, 83, 0, 0, '', '', '', 0, 0, 5370, '2021-09-29 05:39:48'),
(257, 255, '2021-09-28', 0, 253, 84, 0, 0, '', '', '', 0, 0, 770, '2021-09-29 05:47:45'),
(258, 256, '2021-09-27', 0, 254, 85, 0, 0, '', '', '', 0, 0, 1200, '2021-09-29 05:58:19'),
(259, 257, '2021-09-27', 0, 0, 86, 0, 0, '', '', '', 0, 0, 1360, '2021-09-30 04:37:57'),
(260, 258, '2021-09-27', 0, 255, 42, 0, 0, '', '', '', 0, 0, 1360, '2021-09-30 04:42:52'),
(261, 259, '2021-09-13', 0, 256, 87, 0, 0, '', '', '', 0, 0, 2540, '2021-10-01 04:27:09'),
(262, 260, '2021-09-18', 0, 257, 34, 0, 0, '', '', '', 0, 0, 1240, '2021-10-01 05:01:47'),
(263, 261, '2021-10-02', 0, 258, 34, 0, 0, '', '', '', 0, 0, 2100, '2021-10-05 05:24:12'),
(264, 262, '2021-10-04', 0, 259, 60, 0, 0, '', '', '', 0, 0, 3820, '2021-10-05 05:47:31'),
(265, 263, '2021-10-05', 0, 260, 88, 0, 0, '', '', '', 0, 0, 680, '2021-10-05 13:54:19'),
(266, 264, '2021-10-07', 0, 261, 89, 0, 0, '', '', '', 0, 0, 700, '2021-10-07 14:15:33'),
(267, 265, '2021-10-28', 0, 262, 17, 0, 0, '', '', '', 0, 0, 1580, '2021-10-29 04:04:53'),
(268, 266, '2021-10-30', 0, 263, 90, 0, 0, '', '', '', 0, 0, 2080, '2021-10-31 05:23:20'),
(269, 267, '2021-10-30', 0, 264, 91, 0, 0, '', '', '', 0, 0, 2880, '2021-10-31 05:28:04'),
(270, 268, '2021-10-30', 0, 265, 92, 0, 0, '', '', '', 0, 0, 2980, '2021-10-31 05:33:50'),
(271, 269, '2021-09-27', 0, 266, 93, 0, 0, '', '', '', 0, 0, 1360, '2021-11-01 05:39:15'),
(272, 270, '2021-10-08', 0, 267, 94, 0, 0, '', '', '', 0, 0, 500, '2021-11-03 09:48:12'),
(273, 271, '2021-11-01', 0, 268, 95, 0, 0, '', '', '', 0, 0, 2490, '2021-11-03 09:50:34'),
(274, 272, '2021-11-03', 0, 269, 96, 0, 0, '', '', '', 0, 0, 1620, '2021-11-08 04:04:51'),
(275, 273, '2021-11-03', 0, 270, 97, 0, 0, '', '', '', 0, 0, 1000, '2021-11-08 04:07:33'),
(276, 274, '2021-11-10', 0, 271, 98, 0, 0, '', '', '', 0, 0, 4840, '2021-11-13 04:26:03'),
(277, 275, '2021-11-16', 0, 272, 99, 0, 0, '', '', '', 0, 0, 570, '2021-11-17 04:44:46'),
(278, 276, '2021-11-15', 0, 273, 94, 0, 0, '', '', '', 0, 0, 500, '2021-11-17 04:47:58'),
(279, 277, '2021-11-16', 0, 274, 25, 0, 0, '', '', '', 0, 0, 4170, '2021-11-17 07:39:09'),
(280, 278, '2021-11-16', 0, 275, 46, 0, 0, '', '', '', 0, 0, 3420, '2021-11-19 04:12:18'),
(281, 279, '2021-11-19', 0, 276, 81, 0, 0, '', '', '', 0, 0, 1940, '2021-11-20 04:57:32'),
(282, 280, '2021-11-23', 0, 277, 7, 0, 0, '', '', '', 55, 0, 55, '2021-11-23 07:59:17'),
(283, 281, '2021-11-22', 0, 278, 100, 0, 0, '', '', '', 0, 0, 450, '2021-11-29 05:31:46'),
(284, 282, '2021-11-29', 0, 279, 86, 0, 0, '', '', '', 0, 0, 2860, '2021-12-07 17:42:54'),
(285, 283, '2021-12-06', 0, 280, 101, 0, 0, '', '', '', 0, 0, 600, '2021-12-07 17:49:57'),
(286, 284, '2021-12-06', 0, 281, 102, 0, 0, '', '', '', 0, 0, 3560, '2021-12-07 17:54:49'),
(287, 285, '2021-11-23', 0, 282, 86, 0, 0, '', '', '', 0, 0, 3500, '2021-12-07 18:13:25'),
(288, 286, '2021-11-29', 0, 283, 103, 0, 0, '', '', '', 0, 0, 3100, '2021-12-13 09:28:49'),
(289, 287, '2021-11-19', 0, 284, 103, 0, 0, '', '', '', 0, 0, 4000, '2021-12-13 09:31:32'),
(290, 288, '2021-12-08', 0, 285, 104, 0, 0, '', '', '', 0, 0, 2410, '2021-12-13 09:34:28'),
(291, 289, '2021-11-18', 0, 283, 103, 0, 0, '', '', '', 0, 0, 2250, '2021-12-13 09:39:43'),
(292, 290, '2021-11-17', 0, 283, 103, 0, 0, '', '', '', 0, 0, 3700, '2021-12-13 09:42:43'),
(293, 291, '2021-12-07', 0, 286, 46, 0, 0, '', '', '', 0, 0, 200, '2021-12-16 03:45:32'),
(294, 292, '2021-12-20', 0, 287, 27, 0, 0, '', '', '', 0, 0, 3750, '2021-12-22 05:05:57'),
(295, 293, '2021-12-20', 0, 288, 105, 0, 0, '', '', '', 0, 0, 3920, '2021-12-22 05:16:49'),
(296, 294, '2021-12-30', 0, 289, 106, 0, 0, '', '', '', 0, 0, 2110, '2021-12-31 03:49:40'),
(297, 295, '2021-12-30', 0, 290, 107, 0, 0, '', '', '', 0, 0, 1130, '2021-12-31 03:53:25'),
(298, 296, '2021-12-29', 0, 291, 108, 0, 0, '', '', '', 0, 0, 1970, '2021-12-31 09:17:31'),
(299, 297, '2022-01-04', 0, 292, 81, 0, 0, '', '', '', 0, 0, 1350, '2022-01-07 05:58:01'),
(300, 298, '2022-01-07', 0, 293, 81, 0, 0, '', '', '', 0, 0, 700, '2022-01-08 03:22:03'),
(301, 299, '2022-01-07', 0, 294, 42, 0, 0, '', '', '', 0, 0, 1100, '2022-01-08 03:35:28'),
(302, 300, '2022-01-07', 0, 295, 42, 0, 0, '', '', '', 0, 0, 2560, '2022-01-08 03:56:48'),
(303, 301, '2022-01-12', 0, 296, 109, 0, 0, '', '', '', 0, 0, 1000, '2022-01-14 03:55:16'),
(304, 302, '2022-01-12', 0, 297, 110, 0, 0, '', '', '', 0, 0, 2020, '2022-01-14 03:59:11'),
(305, 303, '2022-01-15', 0, 299, 17, 0, 0, '', '', '', 0, 0, 4500, '2022-01-17 05:04:18'),
(306, 304, '2022-01-15', 0, 300, 17, 0, 0, '', '', '', 0, 0, 4500, '2022-01-17 05:08:14'),
(307, 305, '2022-01-16', 0, 301, 111, 0, 0, '', '', '', 0, 0, 760, '2022-01-17 13:23:41'),
(308, 306, '2022-01-11', 0, 302, 46, 0, 0, '', '', '', 0, 0, 460, '2022-01-17 13:52:36'),
(309, 307, '2022-01-18', 0, 303, 112, 0, 0, '', '', '', 0, 0, 1150, '2022-01-18 14:00:55'),
(310, 308, '2022-01-19', 0, 304, 113, 0, 0, '', '', '', 0, 0, 2250, '2022-01-19 15:07:01'),
(311, 309, '2022-01-24', 0, 305, 114, 0, 0, '', '', '', 0, 0, 2660, '2022-01-24 13:52:15'),
(312, 310, '2022-01-24', 0, 306, 115, 0, 0, '', '', '', 0, 0, 2940, '2022-01-25 04:52:36'),
(313, 311, '2022-01-29', 0, 307, 27, 0, 0, '', '', '', 0, 0, 2910, '2022-02-08 03:35:56'),
(314, 312, '2022-02-04', 0, 307, 27, 0, 0, '', '', '', 0, 0, 150, '2022-02-08 03:38:46'),
(315, 313, '2022-02-05', 0, 308, 34, 0, 0, '', '', '', 0, 0, 1300, '2022-02-08 06:04:45'),
(316, 314, '2022-02-04', 0, 309, 116, 0, 0, '', '', '', 0, 0, 200, '2022-02-09 03:28:49'),
(317, 315, '2022-02-03', 0, 310, 116, 0, 0, '', '', '', 0, 0, 3800, '2022-02-09 03:33:51'),
(318, 316, '2022-01-27', 0, 311, 46, 0, 0, '', '', '', 0, 0, 500, '2022-02-09 03:45:46'),
(319, 317, '2022-02-08', 0, 312, 117, 0, 0, '', '', '', 0, 0, 1600, '2022-02-10 13:21:28'),
(320, 318, '2022-02-13', 0, 313, 42, 0, 0, '', '', '', 0, 0, 1600, '2022-02-14 03:36:18'),
(321, 319, '2022-02-13', 0, 314, 42, 0, 0, '', '', '', 0, 0, 450, '2022-02-14 03:38:33'),
(322, 320, '2022-02-14', 0, 315, 118, 0, 0, '', '', '', 0, 0, 4900, '2022-02-16 07:36:39'),
(323, 321, '2022-02-14', 0, 316, 118, 0, 0, '', '', '', 0, 0, 1560, '2022-02-16 07:38:36'),
(324, 322, '2022-02-13', 0, 317, 119, 0, 0, '', '', '', 0, 0, 3220, '2022-02-16 07:41:21'),
(325, 323, '2022-02-13', 0, 318, 119, 0, 0, '', '', '', 0, 0, 1720, '2022-02-16 07:43:52'),
(326, 324, '2022-02-14', 0, 319, 119, 0, 0, '', '', '', 0, 0, 600, '2022-02-16 07:45:03'),
(327, 325, '2022-02-26', 0, 320, 120, 0, 0, '', '', '', 0, 0, 700, '2022-03-03 14:49:50'),
(328, 326, '2022-03-03', 0, 321, 121, 0, 0, '', '', '', 0, 0, 3200, '2022-03-05 03:47:25'),
(329, 327, '2022-03-07', 0, 322, 122, 0, 0, '', '', '', 0, 0, 1600, '2022-03-11 07:39:00'),
(330, 328, '2022-03-12', 0, 323, 12, 0, 0, '', '', '', 0, 0, 2010, '2022-03-12 12:26:08'),
(331, 329, '2022-03-11', 0, 324, 46, 0, 0, '', '', '', 0, 0, 120, '2022-03-12 12:30:04'),
(332, 330, '2022-03-09', 0, 325, 46, 0, 0, '', '', '', 0, 0, 470, '2022-03-12 12:38:44'),
(333, 331, '2022-03-09', 0, 326, 46, 0, 0, '', '', '', 0, 0, 120, '2022-03-12 12:40:05'),
(334, 332, '2022-03-17', 0, 327, 123, 0, 0, '', '', '', 0, 0, 1200, '2022-03-17 13:28:43'),
(335, 333, '2022-03-12', 0, 53, 71, 0, 0, '', '', '', 0, 0, 1860, '2022-03-17 17:57:10'),
(336, 334, '2022-03-12', 0, 328, 124, 0, 0, '', '', '', 0, 0, 2120, '2022-03-17 18:00:42'),
(337, 335, '2022-03-21', 0, 329, 118, 0, 0, '', '', '', 0, 0, 1300, '2022-03-26 08:01:12'),
(338, 336, '2022-05-04', 0, 330, 125, 0, 0, '', '', '', 0, 0, 250, '2022-05-05 12:31:50'),
(339, 337, '2022-05-02', 0, 331, 120, 0, 0, '', '', '', 0, 0, 2500, '2022-05-07 07:29:56'),
(340, 338, '2022-03-10', 0, 332, 126, 0, 0, '', '', '', 0, 0, 2200, '2022-05-07 11:07:46'),
(341, 339, '2022-05-06', 0, 333, 127, 0, 0, '', '', '', 0, 0, 1500, '2022-05-07 14:06:34'),
(342, 340, '2022-05-13', 0, 334, 24, 0, 0, '', '', '', 0, 0, 2050, '2022-05-14 00:16:47'),
(343, 341, '2022-05-02', 0, 335, 118, 0, 0, '', '', '', 0, 0, 550, '2022-05-18 23:15:33'),
(344, 342, '2022-05-20', 0, 336, 128, 0, 0, '', '', '', 0, 0, 2600, '2022-05-20 23:54:22'),
(345, 343, '2022-05-20', 0, 337, 129, 0, 0, '', '', '', 0, 0, 3200, '2022-05-21 00:01:28'),
(346, 344, '2022-05-17', 0, 338, 130, 0, 0, '', '', '', 0, 0, 500, '2022-05-24 09:10:59'),
(347, 345, '2022-05-25', 0, 339, 17, 0, 0, '', '', '', 0, 0, 2400, '2022-05-26 00:01:00'),
(348, 346, '2022-05-25', 0, 340, 131, 0, 0, '', '', '', 0, 0, 610, '2022-05-26 03:01:30'),
(349, 347, '2022-05-26', 0, 341, 46, 0, 0, '', '', '', 0, 0, 1710, '2022-05-26 10:37:10'),
(350, 348, '2022-05-27', 0, 342, 132, 0, 0, '', '', '', 0, 0, 700, '2022-05-27 23:54:01'),
(351, 349, '2022-05-31', 0, 343, 133, 0, 0, '', '', '', 0, 0, 2070, '2022-06-01 00:51:54'),
(352, 350, '2022-06-06', 0, 344, 134, 0, 0, '', '', '', 0, 0, 2760, '2022-06-07 06:40:15'),
(353, 351, '2022-06-06', 0, 345, 135, 0, 0, '', '', '', 0, 0, 1910, '2022-06-07 06:48:18'),
(354, 352, '2022-06-06', 0, 346, 136, 0, 0, '', '', '', 0, 0, 4800, '2022-06-07 06:55:00'),
(355, 353, '2022-06-06', 0, 347, 137, 0, 0, '', '', '', 0, 0, 3320, '2022-06-07 13:48:10'),
(356, 354, '2022-06-06', 0, 348, 131, 0, 0, '', '', '', 0, 0, 2840, '2022-06-08 00:19:19'),
(357, 355, '2022-06-07', 0, 349, 138, 0, 0, '', '', '', 0, 0, 600, '2022-06-08 09:00:22'),
(358, 356, '2022-06-10', 0, 350, 139, 0, 0, '', '', '', 0, 0, 550, '2022-06-11 00:25:40'),
(359, 357, '2022-06-16', 0, 351, 131, 0, 0, '', '', '', 0, 0, 1850, '2022-06-17 00:15:09'),
(360, 358, '2022-06-20', 0, 352, 140, 0, 0, '', '', '', 0, 0, 1660, '2022-06-21 09:21:53'),
(361, 359, '2022-06-21', 0, 352, 141, 0, 0, '', '', '', 0, 0, 1000, '2022-06-21 23:50:26'),
(362, 360, '2022-05-09', 0, 353, 39, 0, 0, '', '', '', 0, 0, 2600, '2022-06-24 00:06:03'),
(363, 361, '2022-06-24', 0, 354, 142, 0, 0, '', '', '', 0, 0, 1500, '2022-06-25 02:04:51'),
(364, 362, '2022-01-05', 0, 355, 143, 0, 0, '', '', '', 0, 0, 1960, '2022-06-25 08:54:05'),
(365, 363, '2022-01-05', 0, 356, 144, 0, 0, '', '', '', 0, 0, 1960, '2022-06-25 09:04:19'),
(366, 364, '2022-06-27', 0, 357, 141, 0, 0, '', '', '', 0, 0, 3220, '2022-06-27 23:45:36'),
(367, 365, '2022-07-01', 0, 358, 145, 0, 0, '', '', '', 0, 0, 1500, '2022-07-02 04:05:29'),
(368, 366, '2022-07-03', 0, 359, 146, 0, 0, '', '', '', 0, 0, 2050, '2022-07-04 08:11:11'),
(369, 367, '2022-07-02', 0, 360, 147, 0, 0, '', '', '', 0, 0, 2050, '2022-07-04 08:18:36'),
(370, 368, '2022-07-04', 0, 361, 46, 0, 0, '', '', '', 0, 0, 170, '2022-07-05 00:20:52'),
(371, 369, '2022-07-04', 0, 362, 148, 0, 0, '', '', '', 0, 0, 400, '2022-07-05 00:24:19'),
(372, 370, '2022-07-05', 0, 363, 149, 0, 0, '', '', '', 0, 0, 1500, '2022-07-06 03:37:41'),
(373, 371, '2022-07-07', 0, 364, 150, 0, 0, '', '', '', 0, 0, 5650, '2022-07-07 13:28:30'),
(374, 372, '2022-07-14', 0, 365, 151, 0, 0, '', '', '', 0, 0, 1480, '2022-07-15 00:24:19'),
(375, 373, '2022-07-14', 0, 366, 152, 0, 0, '', '', '', 0, 0, 650, '2022-07-15 00:27:09'),
(376, 374, '2022-07-15', 0, 367, 24, 0, 0, '', '', '', 0, 0, 2230, '2022-07-15 23:48:25'),
(377, 375, '2022-07-18', 0, 368, 149, 0, 0, '', '', '', 0, 0, 700, '2022-07-18 13:36:35'),
(378, 376, '2022-07-18', 0, 369, 131, 0, 0, '', '', '', 0, 0, 3850, '2022-07-18 13:40:07'),
(379, 377, '2022-07-22', 0, 370, 131, 0, 0, '', '', '', 0, 0, 2050, '2022-07-22 23:54:12'),
(380, 378, '2022-07-25', 0, 371, 131, 0, 0, '', '', '', 0, 0, 4350, '2022-07-26 01:06:25'),
(381, 379, '2022-07-27', 0, 372, 42, 0, 0, '', '', '', 0, 0, 1460, '2022-08-02 00:05:06'),
(382, 380, '2022-08-01', 0, 373, 46, 0, 0, '', '', '', 0, 0, 1850, '2022-08-02 00:30:31'),
(383, 381, '2022-07-30', 0, 374, 136, 0, 0, '', '', '', 0, 0, 380, '2022-08-02 00:32:58'),
(384, 382, '2022-08-02', 0, 375, 46, 0, 0, '', '', '', 0, 0, 420, '2022-08-03 00:02:38'),
(385, 383, '2022-08-03', 0, 376, 131, 0, 0, '', '', '', 0, 0, 4550, '2022-08-03 11:50:14'),
(386, 384, '2022-08-03', 0, 377, 153, 0, 0, '', '', '', 0, 0, 810, '2022-08-03 11:56:45'),
(387, 385, '2022-08-12', 0, 378, 154, 0, 0, '', '', '', 0, 0, 920, '2022-08-12 14:39:50'),
(388, 386, '2022-08-12', 0, 379, 155, 0, 0, '', '', '', 0, 0, 170, '2022-08-12 14:47:37'),
(389, 387, '2022-08-10', 0, 380, 156, 0, 0, '', '', '', 0, 0, 2750, '2022-08-12 14:54:25'),
(390, 388, '2022-08-17', 0, 381, 157, 0, 0, '', '', '', 0, 0, 1500, '2022-08-17 13:37:34'),
(391, 389, '2022-08-21', 0, 382, 131, 0, 0, '', '', '', 0, 0, 2200, '2022-08-21 08:45:32'),
(392, 390, '2022-08-20', 0, 383, 158, 0, 0, '', '', '', 0, 0, 600, '2022-08-21 08:50:29'),
(393, 391, '2022-08-24', 0, 384, 159, 0, 0, '', '', '', 0, 0, 500, '2022-08-25 00:03:06'),
(394, 392, '2022-08-25', 0, 385, 160, 0, 0, '', '', '', 50, 5, 249, '2022-08-25 01:57:00'),
(395, 393, '2022-08-28', 1, 5, 17, 0, 0, '', '', '', 4, 1, 400, '2022-08-27 16:25:25'),
(396, 394, '2022-08-17', 3, 27, 46, 0, 0, '', '', '', 5555, 5, 9605, '2022-08-27 18:45:13'),
(397, 395, '2022-08-18', 3, 27, 4, 0, 0, '', '', '', 0, 5, 43, '2022-08-27 18:53:38'),
(398, 396, '2022-08-25', 4, 27, 14, 0, 0, '', '', 'fudu', 33, 3, 4332, '2022-08-27 18:59:52'),
(399, 397, '2022-08-26', 1, 8, 5, 0, 3, 'ff', '', 'ffffffee', 6, 6, 632, '2022-08-28 19:56:27'),
(400, 398, '2022-08-04', 2, 27, 46, 0, 1, 'd', '', 'fudu laal', 0, 44, 250, '2022-08-28 20:28:51'),
(401, 399, '2022-08-10', 1, 8, 3, 0, 1, 'ff', '', 'kkkkdddd', 44, 4, 1428, '2022-08-28 21:17:51'),
(402, 400, '2022-08-10', 4, 21, 14, 1, 2, 'ff', '', 'fudu laal', 4, 4, 46, '2022-08-28 21:22:19'),
(403, 401, '2022-08-05', 7, 27, 14, 3, 18, 'f', '', 'ggg', 44, 7, 113, '2022-08-28 21:25:28'),
(404, 402, '2022-08-26', 8, 27, 14, 1, 19, 'ee', '', '33', 3, 3, 35, '2022-08-28 21:30:36'),
(405, 403, '2022-08-26', 6, 5, 4, 1, 1, 'rrr', 'Pending', 'ffr54311', 33, 3, 1971, '2022-08-29 12:55:27'),
(406, 404, '2022-08-30', 4, 5, 3, 1, 3, 'H', 'Deliverd', 'ffr54311', 8, 8, 824, '2022-08-29 21:26:04');

-- --------------------------------------------------------

--
-- Table structure for table `doctors`
--

DROP TABLE IF EXISTS `doctors`;
CREATE TABLE IF NOT EXISTS `doctors` (
  `doctor_id` int(11) NOT NULL AUTO_INCREMENT,
  `doctor_name` varchar(255) COLLATE utf8_unicode_ci NOT NULL,
  PRIMARY KEY (`doctor_id`)
) ENGINE=InnoDB AUTO_INCREMENT=163 DEFAULT CHARSET=utf8 COLLATE=utf8_unicode_ci;

--
-- Dumping data for table `doctors`
--

INSERT INTO `doctors` (`doctor_id`, `doctor_name`) VALUES
(3, 'A.DAS'),
(4, 'S.DAS'),
(5, 'KARMA TSHERING DHONDUP'),
(7, 'DEBASIS CHAKRABARTI(MD)'),
(9, 'B.P.H.C'),
(10, 'G.DHAR'),
(12, 'SHAON DUTTA(MS, Gynaecology & Obstetrics)'),
(13, 'AROBINDA ROY(MBBS-NBU)MD-(WBUHS)OBST&GYNO'),
(14, 'WASHIF RASHID(MS,ORTHO)'),
(15, 'J.ROY.CHOWDHURY(MBBS,DNB)'),
(17, 'TAMAL CHAKRABORTY (MBBS,MD)'),
(18, 'Ayush Shukla(Emergency Medicine Specialist)'),
(19, 'REBA ROY(DGO)'),
(20, 'BISWAJIT DUTTA'),
(21, 'TANMOY DAS(Gynecologist)'),
(22, 'SUMIT CHAKRABARTI(DGO , MD)'),
(23, ' KRISHNENDU DEY(MD)'),
(24, ' V.R.KUMAR(MBBS,DNB)'),
(25, 'NANDITA BISWAS(MS)'),
(26, ' AMIT KR. ADHIKARY (MD)'),
(27, 'N.B.M.C. & HOSPITAL'),
(28, 'RAVI BANSAL(MD,DM)'),
(29, 'BHIM.P.DAHAL'),
(31, 'S.PRAMANIK'),
(32, 'S.P.SAHA (MD,G&O)'),
(34, 'A.KABIR(MD)'),
(35, 'MRIDULA CHATTERJEE (MBBS,MD)'),
(37, 'TAPAS SARKAR(MD)'),
(39, 'SHREYA ROY(MBBS , Gynecologist)'),
(42, 'S.MUKHARJEE'),
(43, 'N.K.KEJRIWAL(MS)'),
(44, 'ABHIJEET SHARAN'),
(45, 'SOHINI BHATTACHARYA'),
(46, 'SELF'),
(47, ' S.SYANGDEN(MS)'),
(48, 'S.I.RAHAMAN(MBBS)'),
(49, 'D.CHAKRABORTY'),
(50, 'T.Sarkar'),
(51, 'SMITA HALDER'),
(53, 'NABANITA BARMA'),
(54, 'SARADH SYANGDEN(MBBS,MS)'),
(55, 'ABHISHEK BALI(MBBS,MD)'),
(57, 'HIMANGSHU MAHATO(MD)'),
(58, 'Nadeem Parvez(Consultant Gastroenterologist)'),
(59, ' B.D.SINGH'),
(60, 'D.K.SADHU'),
(61, 'ARUNDHATI DASGUPTA(MD,DM)'),
(62, 'P.G.HOSPITAL'),
(63, 'PANKAJ KUMAR. MS(Orthopedics)'),
(64, 'R.DEBNATH(RMP)'),
(65, 'S.SEN'),
(66, 'I.GHOSH'),
(67, 'R.GUHA(MS)'),
(68, 'BIJAN PATRA (MBBS, GYNO)'),
(69, 'T.KARMAKAR(MS)'),
(70, 'DEBASISH CHAKRABORTY'),
(71, 'SELF'),
(72, 'H.AGARWAL'),
(73, 'INDRANATH GHOSH(MD)'),
(74, 'D.CHAKRABORTY(MD)'),
(75, 'DIBAKAR SINHA(MBBS,DL,CCMTD,CCMH)'),
(76, 'SUJIT KUMAR DEY(DMBS)'),
(77, 'DR. M. IQBAL'),
(78, 'P.D.BHARATI(MS,MCH,NEURO)'),
(79, 'SELF'),
(80, 'S.K.MANDAL. MBBS,DIP(ORTHO)'),
(81, 'T.SARKAR'),
(82, 'SELF'),
(83, 'SELF'),
(84, 'SELF'),
(85, 'ARUNDHATI DASGUPTA(MD,DM)'),
(86, 'S.MUKHARJEE'),
(87, 'A.K MAJI(MD,DGO)'),
(88, 'P.MINJ(MBBS)'),
(89, 'SINDHU BALA (MD,Gynaecology)'),
(90, 'SELF'),
(91, 'SELF'),
(92, 'SELF'),
(93, 'DR. S. MUKHARJEE'),
(94, 'SINDHU BALA'),
(95, 'T. SARKAR'),
(96, 'T. SARKAR'),
(97, 'S. MUKHARJEE'),
(98, 'B.DEY(MD,DGO)'),
(99, 'V.RAVI KUMAR (MBBS)'),
(100, 'NAXALBARI RURAL HOSPITAL'),
(101, 'H.A.M.AZIZUL HASAN'),
(102, 'SHELLEY SINGH'),
(103, 'T.HAQUE(D.A.M.S - KOL)'),
(104, 'OF NAXALBARI RURAL HOSPITAL'),
(105, 'VINEETA GUPTA (MBBS,MD)'),
(106, 'BIJAN PATUA(MS)'),
(107, 'TRINA KARMAKAR (MS)'),
(108, 'NIRANJAN KUMAR(MD)'),
(109, 'SELF'),
(110, 'J.BISWAS'),
(111, 'S.MUKHARJEE'),
(112, 'SELF'),
(113, 'J.ROY.CHOUDHURY(MBBS.DNB.ORTHO)	'),
(114, 'J.ROY CHOWDHURY'),
(115, 'V.TEWARI(MS)'),
(116, 'S.DATTA(MD)'),
(117, 'SELF'),
(118, 'T.SARKAR(MD)'),
(119, 'SUBHODIP PRAMANIK'),
(120, 'Dr. S.MUKHARJEE'),
(121, 'ABHIJIT ROY'),
(122, 'SADDAM HUSSAIN(MBBS,WBHS)'),
(123, 'K.MANDAL(MBBS,MS)'),
(124, 'S.MUKHARJEE'),
(125, 'Dr. ANIRUDDHA ROY(MBBS)'),
(126, 'Dr. SHELLEY SINGH(MS)'),
(127, 'Dr. SUKNA B. P. H. C.'),
(128, 'Dr. B.P.SARKAR(MBBS)'),
(129, 'Dr. B.P.SARKAR(MBBS)'),
(130, 'SHREYA ROY(MBBS , Gynecologist)'),
(131, 'Dr. SANOJ KUMAR SHARMA (PT)'),
(132, 'KHARIBARI RURAL HOSPITAL'),
(133, 'Dr. SANOJ KUMAR SHARMA (PT)'),
(134, 'J.ROY CHOUDHURY MBBS(KOL),DNB(ORTHO)'),
(135, 'S.SYANGDEN(MS)'),
(136, 'A.BISWAS(MD)'),
(137, 'Dr. SANOJ KUMAR SHARMA (PT)'),
(138, 'Dr. T.SARKAR(MD)'),
(139, 'Dr. SANOJ KUMAR SHARMA (PT)'),
(140, 'Dr. J.ROY CHOUDHURY MBBS(KOL),DNB(ORT'),
(141, 'J.ROY CHOUDHURY MBBS(KOL),DNB(ORTHO)'),
(142, 'A.ROY'),
(143, 'SHAON DUTTA(MS, Gynaecology & Obstetrics)'),
(144, 'SHAON DUTTA(MS, Gynaecology & Obstetrics)'),
(145, 'A.ROY(Gynaecologist)'),
(146, 'Dr. SANOJ KUMAR SHARMA (PT)'),
(147, 'Dr. SANOJ KUMAR SHARMA (PT)'),
(148, 'SOUMYEDIP CHAKRABORTY'),
(149, 'Dr. A.ROY(GYNAECOLOGIST)'),
(150, 'Dr. SANOJ KUMAR SHARMA (PT)'),
(151, 'SWAPAN KR MISHRA MBBS(CAL)'),
(152, 'A.ROY(GYNAECOLOGIST)'),
(153, 'Dr. RAGHURAM S.C'),
(154, 'Dr. S.GANGULY(MBBS)'),
(155, 'Dr. N.B.M.C. & HOSPITAL'),
(156, 'Dr. SANOJ KUMAR SHARMA (PT)'),
(157, 'Dr. A.ROY(GYNAECOLOGIST)'),
(158, 'SWAPNENDU BASU'),
(159, 'A.MAITY(MBBS, PGDGM)'),
(160, 'Dr. Rinki'),
(161, 'ss'),
(162, 'aa');

-- --------------------------------------------------------

--
-- Table structure for table `lab`
--

DROP TABLE IF EXISTS `lab`;
CREATE TABLE IF NOT EXISTS `lab` (
  `lab_id` int(11) NOT NULL AUTO_INCREMENT,
  `lab_name` varchar(255) COLLATE utf8_unicode_ci NOT NULL,
  PRIMARY KEY (`lab_id`)
) ENGINE=InnoDB AUTO_INCREMENT=20 DEFAULT CHARSET=utf8 COLLATE=utf8_unicode_ci;

--
-- Dumping data for table `lab`
--

INSERT INTO `lab` (`lab_id`, `lab_name`) VALUES
(1, 'Serum777'),
(2, 'Veins'),
(3, 'Nucleus Diagnostic'),
(16, 'dd55'),
(18, 'fff'),
(19, '222');

-- --------------------------------------------------------

--
-- Table structure for table `patients`
--

DROP TABLE IF EXISTS `patients`;
CREATE TABLE IF NOT EXISTS `patients` (
  `patient_id` int(11) NOT NULL AUTO_INCREMENT,
  `patient_name` varchar(255) COLLATE utf8_unicode_ci NOT NULL,
  `year` int(11) NOT NULL,
  `month` int(11) NOT NULL,
  `day` int(11) NOT NULL,
  `patient_sex` enum('Male','Female','Others') COLLATE utf8_unicode_ci NOT NULL,
  `patient_phone` varchar(20) COLLATE utf8_unicode_ci NOT NULL,
  PRIMARY KEY (`patient_id`)
) ENGINE=InnoDB AUTO_INCREMENT=387 DEFAULT CHARSET=utf8 COLLATE=utf8_unicode_ci;

--
-- Dumping data for table `patients`
--

INSERT INTO `patients` (`patient_id`, `patient_name`, `year`, `month`, `day`, `patient_sex`, `patient_phone`) VALUES
(5, 'SUSHMITA PAUL CHOWDHURY', 29, 0, 0, 'Female', '9641054065'),
(6, 'UGUJG', 25, 0, 0, 'Male', '000000000'),
(7, 'RAHUL', 0, 0, 0, 'Male', '9641321255'),
(8, 'MR SUKHDEV KUNDU', 55, 0, 0, 'Male', '7908710989'),
(9, 'PRATITI BHATTACHARJEE RAY', 32, 0, 0, 'Female', ''),
(10, 'JAYABRATA ROY', 63, 0, 0, 'Male', ''),
(11, 'sdf', 1, 0, 0, 'Male', ''),
(12, 'PRASENJIT SAHA', 18, 0, 0, 'Male', ''),
(13, 'DIBYENDU HALDER', 45, 0, 0, 'Male', ''),
(14, 'SITA PRADHAN', 65, 0, 0, 'Female', ''),
(15, 'A K NASKAR', 47, 0, 0, 'Male', ''),
(16, 'POONAM JHA', 34, 0, 0, 'Female', ''),
(17, 'CHITRA DAS', 21, 0, 0, 'Female', ''),
(18, 'MRS PUJA TAMANG SINGHA', 25, 0, 0, 'Female', ''),
(19, 'BASANTI BARMAN', 58, 0, 0, 'Female', ''),
(20, 'KUSMITA MINJ', 43, 0, 0, 'Female', ''),
(21, 'SAVITA MOHAN', 29, 0, 0, 'Female', '9999999'),
(22, 'SURJIT KAUR', 59, 0, 0, 'Female', ''),
(23, 'SURJIT KAUR', 59, 0, 0, 'Female', ''),
(24, 'LEPA XAXA', 60, 0, 0, 'Female', ''),
(25, 'KAPIL SAIBO', 28, 0, 0, 'Male', ''),
(26, 'Mr.PRAKASH CHETTRI', 64, 0, 0, 'Male', ''),
(27, 'FULMONI LAKRA', 65, 0, 0, 'Female', '7908710989'),
(28, 'SOMA KUNDU', 44, 0, 0, 'Female', ''),
(29, 'Mr.THANKSWAMI THAPA', 82, 0, 0, 'Male', ''),
(30, 'KANCHI SUBBA', 65, 0, 0, 'Female', ''),
(31, 'KANCHI SUBBA', 65, 0, 0, 'Female', ''),
(32, 'SUSHMA GIRI', 47, 0, 0, 'Female', ''),
(33, 'test', 12, 0, 0, 'Male', '12345678'),
(34, 'rrr', 2, 0, 0, 'Male', '543656'),
(35, 'hgfgf', 4, 0, 0, 'Male', '7565876'),
(36, 'jftf', 4, 0, 0, 'Male', '7565876'),
(37, 'aaaaa', 25, 0, 0, 'Male', '122222444'),
(38, 'arun kumar', 90, 0, 0, 'Female', '9641321288'),
(39, 'sfgsdfg', 34, 0, 0, 'Female', '3455346'),
(40, 'MAMATA SANYAL', 64, 0, 0, 'Female', ''),
(41, 'G MUKHARJEE', 45, 0, 0, 'Male', ''),
(42, 'MR SUKHDEV KUNDU', 55, 0, 0, 'Male', ''),
(43, 'PRATITI BHATTACHARJEE', 32, 0, 0, 'Female', ''),
(44, 'PRATITI BHATTACHARJEE', 32, 0, 0, 'Female', ''),
(45, 'SUBHASISH ROY', 51, 0, 0, 'Male', ''),
(46, 'SUNAINA GUPTA', 45, 0, 0, 'Female', ''),
(47, 'N BANERJEE', 43, 0, 0, 'Male', ''),
(48, 'SARASWATI BANERJEE', 37, 0, 0, 'Female', ''),
(49, 'ANSU MALA', 27, 0, 0, 'Female', ''),
(50, 'RINKU ROY', 28, 0, 0, 'Female', ''),
(51, 'BHISWADEB BARMAN', 32, 0, 0, 'Male', ''),
(52, 'PRAMOD KUMAR SINGH', 54, 0, 0, 'Male', ''),
(53, 'SEEMA DEVI', 52, 0, 0, 'Female', ''),
(54, 'MAMATA BISWAS', 56, 0, 0, 'Female', ''),
(55, 'PINKI RANI NATH', 30, 0, 0, 'Female', ''),
(56, 'BANANI ROY', 45, 0, 0, 'Female', ''),
(57, 'NANDINI BARMAN', 18, 0, 0, 'Female', ''),
(58, 'SANTANA GHOSH', 55, 0, 0, 'Female', ''),
(59, 'PROBODH GHOSH', 54, 0, 0, 'Male', ''),
(60, 'PROBODH GHOSH', 54, 0, 0, 'Male', ''),
(61, 'SOUMYAJIT SAMANTA', 66, 0, 0, 'Male', ''),
(62, 'SAMBHU PAUL', 70, 0, 0, 'Male', ''),
(63, 'LALITA SHARMA', 41, 0, 0, 'Female', ''),
(64, 'MRS LALITA SHARMA', 41, 0, 0, 'Female', ''),
(65, 'SMRITI ROY', 56, 0, 0, 'Female', ''),
(66, 'SHILPI MALAKAR RAY', 28, 0, 0, 'Female', ''),
(67, ' ASHRARUL HAQUE', 21, 0, 0, 'Male', ''),
(68, 'P DUTTA', 65, 0, 0, 'Male', ''),
(69, 'SAVITA MOHAN', 30, 0, 0, 'Female', ''),
(70, 'Mrs.DIPALI SUTRADHAR', 29, 0, 0, 'Female', ''),
(71, 'ANITA SHARMA', 50, 0, 0, 'Female', ''),
(72, 'ASTHA THAKUR', 39, 0, 0, 'Female', ''),
(73, 'demo_test', 1, 0, 0, 'Male', '234567890'),
(74, 'Mr.VIRAT SINGH', 7, 0, 0, 'Male', ''),
(75, 'RAM PAUL', 7, 0, 0, 'Male', ''),
(76, 'RAM', 7, 0, 0, 'Male', ''),
(77, 'KHUSI SAHA', 54, 0, 0, 'Female', ''),
(78, 'Mr.BANKIM SAHA', 60, 0, 0, 'Male', ''),
(79, 'KHUSI SAHA', 54, 0, 0, 'Female', ''),
(80, 'Fhj', 35, 0, 0, 'Male', '98642379'),
(81, 'KAMAL CHHETRI', 48, 0, 0, 'Female', ''),
(82, 'IRA ROY CHOUDHURY', 59, 0, 0, 'Female', ''),
(83, 'ANUMA PRIYA JUI', 29, 0, 0, 'Female', ''),
(84, 'SHANKAR SARKAR', 22, 0, 0, 'Male', ''),
(85, 'testnew', 0, 0, 0, 'Male', '8654'),
(86, 'testnew1', 0, 0, 0, 'Male', '8765432'),
(87, 'testnew1', 0, 0, 0, 'Male', '87654321'),
(88, 'RAM PAL', 0, 0, 0, 'Male', ''),
(89, 'TAR', 45, 0, 0, 'Male', ''),
(90, 'TEST TEAT', 21, 0, 0, 'Male', ''),
(91, 'RAT', 0, 0, 0, 'Male', ''),
(92, 'SARITA GUPTA', 30, 0, 0, 'Male', ''),
(93, 'RESHMI SARKAR', 38, 0, 0, 'Female', ''),
(94, 'UMA CHAKRABORTY', 53, 0, 0, 'Female', ''),
(95, 'ARATI SAHA', 58, 0, 0, 'Female', ''),
(96, 'RESHMI SARKAR', 38, 0, 0, 'Female', ''),
(97, 'UMA CHAKRABORTY', 53, 0, 0, 'Female', ''),
(98, 'ARATI SAHA', 58, 0, 0, 'Female', ''),
(99, 'RASHMANI KARMAKAR', 52, 0, 0, 'Female', ''),
(100, 'ARATI SAHA', 58, 0, 0, 'Female', ''),
(101, 'BAPI DAS', 25, 0, 0, 'Male', ''),
(102, 'SARASWATI BANERJEE', 37, 0, 0, 'Female', ''),
(103, 'ARATI SAHA', 58, 0, 0, 'Female', ''),
(104, 'RESHMI SARKAR', 38, 0, 0, 'Female', ''),
(105, 'ANITA MAHATO', 19, 0, 0, 'Female', ''),
(106, 'KAMALA DEVI THAPA', 67, 0, 0, 'Female', ''),
(107, 'SANJEEV THAPA', 35, 0, 0, 'Male', ''),
(108, 'JINA DHUNGEL', 30, 0, 0, 'Female', ''),
(109, 'KALAWATI DUSAD', 57, 0, 0, 'Female', ''),
(110, 'Mr.PRAMOD KUMAR SINGH', 54, 0, 0, 'Male', ''),
(111, 'KANIKA NAMA', 45, 0, 0, 'Female', ''),
(112, 'DEEPSHIKA NAMA', 15, 0, 0, 'Female', ''),
(113, 'Mr.NILKAMAL', 36, 0, 0, 'Male', ''),
(114, 'Mr.MANASH KR DEY', 53, 0, 0, 'Male', ''),
(115, 'ANUPAMA SINGH', 30, 0, 0, 'Female', ''),
(116, 'Mr.KANAK BARMAN', 65, 0, 0, 'Male', ''),
(117, 'ANUPAMA BARMAN', 52, 0, 0, 'Female', ''),
(118, 'MRS MUKTA ISLAM', 58, 0, 0, 'Female', ''),
(119, 'ANUPA CHHETRI', 39, 0, 0, 'Female', ''),
(120, 'KANAK BARMA', 65, 0, 0, 'Female', ''),
(121, 'KANAK KUMAR BARMA', 65, 0, 0, 'Male', ''),
(122, 'Mr.KANAK BARMAN', 65, 0, 0, 'Male', ''),
(123, 'ANUPAMA BARMAN', 52, 0, 0, 'Female', ''),
(124, 'KANAK BARMA', 65, 0, 0, 'Female', ''),
(125, 'ANUPAMA BARMA', 52, 0, 0, 'Female', ''),
(126, 'ANUPAMA BARMA', 52, 0, 0, 'Female', ''),
(127, 'SUGANDHA CHOWDHURY', 28, 0, 0, 'Female', ''),
(128, 'SITA RAM CHOUDHURY', 86, 0, 0, 'Male', ''),
(129, 'LILY SARKAR', 55, 0, 0, 'Female', ''),
(130, 'MANIK SARKAR', 63, 0, 0, 'Male', ''),
(131, 'LIPI DAS', 53, 0, 0, 'Female', ''),
(132, 'LAXMI BARAIK', 58, 0, 0, 'Female', ''),
(133, 'SURUPA DAS', 55, 0, 0, 'Female', ''),
(134, 'JAYANTI JAL', 33, 0, 0, 'Female', ''),
(135, 'BAPI DAS', 23, 0, 0, 'Male', ''),
(136, 'KANAK BARMA', 65, 0, 0, 'Male', ''),
(137, 'MR GOUTAM KUMAR SINGHA', 22, 0, 0, 'Male', ''),
(138, 'ANUPAMA BARMA', 52, 0, 0, 'Female', ''),
(139, 'ANUPAMA BARMA', 52, 0, 0, 'Female', ''),
(140, 'KANAK KUMAR BARMA', 65, 0, 0, 'Male', ''),
(141, 'Mr.KANAK BARMA', 65, 0, 0, 'Male', ''),
(142, 'ANUPAMA BARMA', 52, 0, 0, 'Female', ''),
(143, 'KANAK BARMA', 65, 0, 0, 'Female', ''),
(144, 'ANUPAMA BARMA', 53, 0, 0, 'Female', ''),
(145, 'REBIKA ROY', 52, 0, 0, 'Female', ''),
(146, 'MR MITHUN MAJUMDER', 39, 0, 0, 'Male', ''),
(147, 'Mr.ANIRBAN GOON', 45, 0, 0, 'Male', ''),
(148, 'MANJULA POLLAI', 58, 0, 0, 'Female', ''),
(149, 'GITA ROY', 56, 0, 0, 'Female', ''),
(150, 'SUTAPA GHOSH', 30, 0, 0, 'Female', ''),
(151, 'J K CHAKRABORTY', 55, 0, 0, 'Male', ''),
(152, 'SIBANANDA ROY', 55, 0, 0, 'Male', ''),
(153, 'NOREN DOLEY', 47, 0, 0, 'Male', ''),
(154, 'MRS DIPIKA MANDAL ROY', 51, 0, 0, 'Female', ''),
(155, 'Mr.SAIKAT MAJUMDER', 26, 0, 0, 'Male', ''),
(156, 'SUMANA MAJUMDER', 49, 0, 0, 'Female', ''),
(157, 'Mr.SAIKAT MAJUMDER', 26, 0, 0, 'Male', ''),
(158, 'SAIKAT MAJUMDER', 26, 0, 0, 'Male', ''),
(159, 'SAIKAT MAJUMDER', 26, 0, 0, 'Male', ''),
(160, 'SUMANA MAJUMDER', 49, 0, 0, 'Female', ''),
(161, 'DIPA CHAKRABORTY', 50, 0, 0, 'Female', ''),
(162, 'SUMANA MAJUMDER', 49, 0, 0, 'Female', ''),
(163, 'SAIKAT MAZUMDAR', 26, 0, 0, 'Male', ''),
(164, 'MANOJ UPADHAYA', 46, 0, 0, 'Male', ''),
(165, 'PRITY S MAHAPATRA', 7, 0, 0, 'Female', ''),
(166, 'NOREN DOLEY', 47, 0, 0, 'Male', ''),
(167, 'KHUSBOO KUMARI', 31, 0, 0, 'Female', ''),
(168, 'JAMINI TIRKEY', 25, 0, 0, 'Female', ''),
(169, 'NOREN DOLEY', 47, 0, 0, 'Male', ''),
(170, 'SANDEEP KUMAR SINGH', 34, 0, 0, 'Male', ''),
(171, 'SANDEEP KUMAR SINGH', 34, 0, 0, 'Male', ''),
(172, 'MR AZHARUDDIN AHMED', 39, 0, 0, 'Male', ''),
(173, 'BIPUL KUNDU', 58, 0, 0, 'Male', ''),
(174, 'Mr.MANAS DEY', 53, 0, 0, 'Male', ''),
(175, 'MADHURI DEBI', 72, 0, 0, 'Female', ''),
(176, 'Mr.RAM IND', 53, 0, 0, 'Male', ''),
(177, 'Mr.STIPHEN MINZ', 62, 0, 0, 'Male', ''),
(178, 'NARAYAN SARKAR', 43, 0, 0, 'Male', ''),
(179, 'HRISHIKESH SINGHA', 33, 0, 0, 'Male', ''),
(180, 'SHIKHA BHOWMICK', 64, 0, 0, 'Female', ''),
(181, 'GOPAL BHOWMICK', 73, 0, 0, 'Male', ''),
(182, 'Mr.STIPHEN MINZ', 62, 0, 0, 'Male', ''),
(183, 'CHANDRAYEE SAMANTA BAGCHI', 59, 0, 0, 'Female', ''),
(184, 'CHANDRAYEE SAMANTA BAGCHI', 59, 0, 0, 'Female', ''),
(185, 'UTTAM DAS', 62, 0, 0, 'Male', ''),
(186, 'KABERI SUR ROY', 65, 0, 0, 'Female', ''),
(187, 'RABIN SUR ROY', 67, 0, 0, 'Male', ''),
(188, 'MALABIKA ROY', 62, 0, 0, 'Female', ''),
(189, 'RASAN UPADHAY', 40, 0, 0, 'Male', ''),
(190, 'MR HARMOHAN KHANDAI', 40, 0, 0, 'Male', ''),
(191, 'RUJIA KHATUN', 20, 0, 0, 'Female', ''),
(192, 'ARUNITA GOON', 16, 0, 0, 'Female', ''),
(193, 'RIMI GOON', 42, 0, 0, 'Female', ''),
(194, 'RIMI GOON', 42, 0, 0, 'Female', ''),
(195, 'RIMI GOON', 42, 0, 0, 'Female', ''),
(196, 'ARUNAVO GOON', 12, 0, 0, 'Male', ''),
(197, 'ARUNAVO GOON', 12, 0, 0, 'Male', ''),
(198, 'DIPALI GOON', 66, 0, 0, 'Female', ''),
(199, 'DIPALI GOON', 66, 0, 0, 'Female', ''),
(200, 'DIPALI GOON', 66, 0, 0, 'Female', ''),
(201, 'Mr.ANIRBAN GOON', 45, 0, 0, 'Male', ''),
(202, 'ANIRBAN GOON', 45, 0, 0, 'Male', ''),
(203, 'ANIRBAN GOON', 45, 0, 0, 'Male', ''),
(204, 'ANIRBAN GOON', 45, 0, 0, 'Male', ''),
(205, 'Mr.ANIRBAN GOON', 45, 0, 0, 'Male', ''),
(206, 'NILIMA ROY', 42, 0, 0, 'Female', ''),
(207, 'NILIMA RANI ROY', 72, 0, 0, 'Female', ''),
(208, 'U MAYA', 60, 0, 0, 'Female', ''),
(209, 'U MAYA B K', 60, 0, 0, 'Female', ''),
(210, 'BINDU TIRKEY', 27, 0, 0, 'Female', ''),
(211, 'SANJAY KR GUCHHAIT', 40, 0, 0, 'Male', ''),
(212, 'PRATYUSHA CHATTERJEE', 34, 0, 0, 'Female', ''),
(213, 'SHYAMAL SINGHA', 28, 0, 0, 'Male', ''),
(214, 'DOLLY SINGHA ROY', 40, 0, 0, 'Female', ''),
(215, 'MANOJIT DAS', 34, 0, 0, 'Male', ''),
(216, 'JYOTIKA DAS', 31, 0, 0, 'Female', ''),
(217, 'JYOYIKA DAS', 31, 0, 0, 'Female', ''),
(218, 'PRIYANKA KUMARI', 15, 0, 0, 'Female', ''),
(219, 'DIPALI GOON', 66, 0, 0, 'Female', ''),
(220, 'ANIRBAN GOON', 45, 0, 0, 'Male', ''),
(221, 'JAYOBRATA ROY', 64, 0, 0, 'Male', ''),
(222, 'MR. PRAKASH LAKRA', 50, 0, 0, 'Male', ''),
(223, 'JENENITA', 28, 0, 0, 'Female', ''),
(224, 'SADA SIDDHA SARKAR', 46, 0, 0, 'Male', ''),
(225, 'K K RAI', 73, 0, 0, 'Male', ''),
(226, 'UMA CHAKRABOTY', 53, 0, 0, 'Female', ''),
(227, 'MR. PINTU KUMAR ', 24, 0, 0, 'Male', ''),
(228, 'MR. PINTU KUMAR ', 24, 0, 0, 'Male', ''),
(229, 'MONTU SARKAR', 70, 0, 0, 'Male', ''),
(230, 'SWAPNA SEN', 71, 0, 0, 'Female', ''),
(231, 'PREMA BISWAKARMA', 20, 0, 0, 'Female', ''),
(232, 'Mr.BABAN DAS', 51, 0, 0, 'Male', ''),
(233, 'BABAN DAS', 51, 0, 0, 'Male', ''),
(234, 'Mr.AJIT KR MANDAL', 36, 0, 0, 'Male', ''),
(235, 'Mr.MANOJ AGARWAL', 47, 0, 0, 'Male', ''),
(236, 'MR.KARTIK SAHA', 52, 0, 0, 'Male', ''),
(237, 'Mr.SOURAV SARKAR', 21, 0, 0, 'Male', ''),
(238, 'SAMPA GHOSH', 45, 0, 0, 'Female', ''),
(239, 'Mr.LAXMAN RAJAK', 48, 0, 0, 'Male', ''),
(240, 'MANJARI BRAHMIN', 31, 0, 0, 'Female', ''),
(241, 'JHARNA BARMAN', 40, 0, 0, 'Female', ''),
(242, 'SMRITI BARMAN', 18, 0, 0, 'Female', ''),
(243, 'RAM IND', 53, 0, 0, 'Male', ''),
(244, 'Mr.RAM IND', 53, 0, 0, 'Male', ''),
(245, 'DR MD SAFIUL ALAM MALLICK', 36, 0, 0, 'Male', ''),
(246, 'MANIK ROY', 65, 0, 0, 'Male', ''),
(247, 'LOVELY BEGUM', 32, 0, 0, 'Female', ''),
(248, 'DR MD SAFIUL ALAM MALLICK', 36, 0, 0, 'Male', ''),
(249, 'SANDIP NAHA', 36, 0, 0, 'Male', ''),
(250, 'SUJIT DAS', 38, 0, 0, 'Male', ''),
(251, 'RANJAN DAS', 85, 0, 0, 'Male', ''),
(252, 'BIVA DEY', 68, 0, 0, 'Female', ''),
(253, 'PINKI DUTTA', 41, 0, 0, 'Female', ''),
(254, 'BIPUL KUNDU', 58, 0, 0, 'Male', ''),
(255, 'Mr.DIBYENDU HALDER', 45, 0, 0, 'Male', ''),
(256, 'MRS MUNMUN MALLICK', 34, 0, 0, 'Female', ''),
(257, 'WAKIDAN KHATUN', 49, 0, 0, 'Female', ''),
(258, 'RUPALI ROY', 37, 0, 0, 'Female', ''),
(259, 'ZARIN SUBBA', 41, 0, 0, 'Female', ''),
(260, 'MISS DAYETA ROY', 22, 0, 0, 'Female', ''),
(261, 'MRS IGNACIA TIGGA', 40, 0, 0, 'Female', ''),
(262, 'NITAI PAUL', 64, 0, 0, 'Male', ''),
(263, 'SUNATI SAHA', 55, 0, 0, 'Female', ''),
(264, 'SUNATI SAHA', 55, 0, 0, 'Female', ''),
(265, 'PRIYA MOHAN SAHA', 65, 0, 0, 'Female', ''),
(266, 'DIBYENDU HALDER', 45, 0, 0, 'Male', ''),
(267, 'SAVITA MOHAN', 28, 0, 0, 'Female', ''),
(268, 'BANDANA DEY', 72, 0, 0, 'Female', ''),
(269, 'SK. MAINUDDIN ', 44, 0, 0, 'Male', ''),
(270, 'RUKSAR', 24, 0, 0, 'Female', ''),
(271, 'NANDITA GHOSH', 56, 0, 0, 'Female', ''),
(272, 'SANGITA KERKETTA', 33, 0, 0, 'Female', ''),
(273, 'SAVITA MOHAN', 30, 0, 0, 'Female', ''),
(274, 'MRS. MAMPI SINGHA', 26, 0, 0, 'Female', ''),
(275, 'SOUMYAJIT SAMANTA', 68, 0, 0, 'Male', ''),
(276, 'SOUMYAJIT SAMANTA', 69, 0, 0, 'Male', ''),
(277, 'dadadf', 1, 2, 0, 'Male', '314845'),
(278, 'DHANMAYA RAI', 36, 0, 0, 'Female', ''),
(279, 'PRAMOD KR SINGH', 53, 0, 0, 'Male', ''),
(280, 'KRISHNENDU BANERJEE', 14, 0, 0, 'Male', ''),
(281, 'KALPANA SHUKLA', 33, 0, 0, 'Female', ''),
(282, 'AYUSH KUMAR', 14, 0, 0, 'Male', ''),
(283, 'HARIPADA SINGHA', 40, 0, 0, 'Male', ''),
(284, 'HARIPADA SINGHA', 40, 0, 0, 'Male', ''),
(285, ' LAXMI MAYA SANYASHI', 47, 0, 0, 'Female', ''),
(286, 'MANOJ CHOWDHURY', 54, 0, 0, 'Male', ''),
(287, 'MRS ALO BARMAN', 62, 0, 0, 'Female', ''),
(288, 'MALABIKA SARKAR', 40, 0, 0, 'Female', ''),
(289, 'KANIKA SINGHA', 26, 0, 0, 'Female', ''),
(290, 'MRS LAXMI RAI', 44, 0, 0, 'Female', ''),
(291, 'DIPALI SINGHA', 30, 0, 0, 'Female', ''),
(292, 'MANOJEET MANDAL', 19, 0, 0, 'Male', ''),
(293, 'CHHANDA MAZUMDAR', 52, 0, 0, 'Female', ''),
(294, 'SALMOON', 32, 0, 0, 'Male', ''),
(295, 'MO IMRAN', 32, 0, 0, 'Male', ''),
(296, 'PRIYANKA JAISWAL', 43, 0, 0, 'Female', ''),
(297, 'MADHURI GUPTA', 64, 0, 0, 'Female', ''),
(298, 'Mr.MO IMRAN', 32, 0, 0, 'Male', ''),
(299, 'DHRUB KR. SHARMA', 46, 0, 0, 'Male', ''),
(300, 'DHRUB KR SHARMA', 46, 0, 0, 'Male', ''),
(301, 'A K SINGHA', 58, 0, 0, 'Male', ''),
(302, 'CLEMENT TIRKEY', 68, 0, 0, 'Male', ''),
(303, 'BINA PRASAD', 80, 0, 0, 'Female', ''),
(304, 'DEBIMAYA CHETTRI', 60, 0, 0, 'Female', ''),
(305, 'MINA KHATOON', 50, 0, 0, 'Female', ''),
(306, 'PRABIKA GURUNG', 31, 0, 0, 'Female', ''),
(307, 'MRS CHANDANA SHARMA', 18, 0, 0, 'Female', ''),
(308, 'PRIYANKA GHOSH', 27, 0, 0, 'Female', ''),
(309, 'MRS ANNA GHOSH', 45, 0, 0, 'Female', ''),
(310, 'MRS ANNA GHOSH', 45, 0, 0, 'Female', ''),
(311, 'MALATI MALLICK', 45, 0, 0, 'Female', ''),
(312, 'PRITAM BRAHMIN', 31, 0, 0, 'Male', ''),
(313, 'SARASWATI BANERJEE', 37, 0, 0, 'Female', ''),
(314, 'Mr.KRISHNENDU BANERJEE', 15, 0, 0, 'Male', ''),
(315, 'ASHIMA SARKAR', 43, 0, 0, 'Female', ''),
(316, 'ANUSHREE SARKAR', 23, 0, 0, 'Female', ''),
(317, 'Mr.TUHIN CHAKRABORTY', 60, 0, 0, 'Male', ''),
(318, 'Mrs.KEKA CHAKRABORTY', 46, 0, 0, 'Female', ''),
(319, 'KEKA CHAKRABORTY', 46, 0, 0, 'Female', ''),
(320, 'A K SINGHA', 58, 0, 0, 'Male', ''),
(321, 'BASANTI DAS', 72, 0, 0, 'Female', ''),
(322, 'PRAKASH KULLU', 32, 0, 0, 'Male', ''),
(323, 'MODHUMITA SINGHA', 32, 0, 0, 'Female', ''),
(324, 'STIPHEN MINJ', 50, 0, 0, 'Male', ''),
(325, 'PRADIP MUKHERJEE', 74, 0, 0, 'Male', ''),
(326, 'JOLLY MUKHERJEE', 63, 0, 0, 'Female', ''),
(327, 'TULU DAS', 42, 0, 0, 'Female', ''),
(328, 'PRAMOD KR SINGH', 54, 0, 0, 'Male', ''),
(329, 'SHEFALI SARKAR', 58, 0, 0, 'Female', ''),
(330, 'AMITABHA ROY', 67, 0, 0, 'Male', ''),
(331, 'NOREN DOLEY', 48, 0, 0, 'Male', ''),
(332, 'KALPANA SHUKLA', 33, 0, 0, 'Female', ''),
(333, 'Mrs.SHITALA ROY', 38, 0, 0, 'Female', ''),
(334, 'DAMBAR KUMARI RIJAL', 72, 0, 0, 'Female', ''),
(335, 'PALASH ROY', 35, 0, 0, 'Female', ''),
(336, 'A N SANYAL', 88, 0, 0, 'Male', ''),
(337, 'MANJUSHREE SANYAL', 83, 0, 0, 'Female', ''),
(338, 'BABLI KHATOON', 0, 0, 0, 'Female', ''),
(339, 'ANNIE MUKHIYA', 48, 0, 0, 'Female', ''),
(340, 'LAXMI SHARMA', 56, 0, 0, 'Female', ''),
(341, 'GITA TAMANG', 37, 0, 0, 'Female', ''),
(342, 'ALKA JAISWAL', 27, 0, 0, 'Female', ''),
(343, 'MINA PODDAR', 60, 0, 0, 'Female', ''),
(344, 'RAJANI KHATOON', 60, 0, 0, 'Female', ''),
(345, 'RANALA SINGHA', 47, 0, 0, 'Female', ''),
(346, 'RATNA SHARMA', 45, 0, 0, 'Female', ''),
(347, 'MRS.PURNIMA DUTTA', 40, 0, 0, 'Female', ''),
(348, 'HAEMOUTI DEVI', 60, 0, 0, 'Female', ''),
(349, 'RIMI GOON', 43, 0, 0, 'Female', ''),
(350, 'MUSARRAT ASGARI ANSARI', 20, 0, 0, 'Female', ''),
(351, 'NAGENDRA BASNETT', 39, 0, 0, 'Male', ''),
(352, 'KOULENA XALXO', 40, 0, 0, 'Female', ''),
(353, 'MANISHA ROY BARMAN', 25, 0, 0, 'Female', ''),
(354, 'SAROTHI ROY', 29, 0, 0, 'Female', ''),
(355, 'PRIYA TOPPO', 27, 0, 0, 'Female', ''),
(356, 'PRIYA TOPPO', 27, 0, 0, 'Female', ''),
(357, 'SUKMAYA TAMANG', 75, 0, 0, 'Female', ''),
(358, 'SAIRA BANU', 23, 0, 0, 'Female', ''),
(359, 'SACHI SAROGI ', 31, 0, 0, 'Female', ''),
(360, 'SANJU SARKAR', 32, 0, 0, 'Male', ''),
(361, 'RANJIT BARMAN', 42, 0, 0, 'Male', ''),
(362, 'DHIREN SINGHA', 63, 0, 0, 'Male', ''),
(363, 'MUKTI ROY', 19, 0, 0, 'Female', ''),
(364, 'NORBU TSHERING BHUTIA', 39, 0, 0, 'Male', ''),
(365, 'ROSHNI PRADHAN', 43, 0, 0, 'Female', ''),
(366, 'SONALI ROY SINGHA', 32, 0, 0, 'Female', ''),
(367, 'SALOMI TODU', 82, 0, 0, 'Female', ''),
(368, 'ANIMA BISWAS PODDER', 31, 0, 0, 'Female', ''),
(369, 'SIDDHARTH ROY', 18, 0, 0, 'Male', ''),
(370, 'PUNITA DEVI', 55, 0, 0, 'Female', ''),
(371, 'Mr.SUJIT NANDY', 51, 0, 0, 'Male', ''),
(372, 'PRAMOD KR SINGH', 58, 0, 0, 'Male', ''),
(373, 'MINU GOMES', 60, 0, 0, 'Female', ''),
(374, 'USHA SAHA CHOUDHURY', 90, 0, 0, 'Female', ''),
(375, 'ANASTACIA TIRKEY', 61, 0, 0, 'Female', ''),
(376, 'B B BARMAN', 52, 0, 0, 'Female', ''),
(377, 'SUNITA ORAON', 22, 0, 0, 'Female', ''),
(378, 'SABBIR ALAM', 32, 0, 0, 'Male', ''),
(379, 'SAHERA BANU', 26, 0, 0, 'Female', ''),
(380, 'YESRAJ CHETTRI', 22, 0, 0, 'Male', ''),
(381, 'BABLI DATTA', 29, 0, 0, 'Female', ''),
(382, 'PASSANG WANGDI SHERPA', 65, 0, 0, 'Male', ''),
(383, 'NARENDRA KR BISWAS', 67, 0, 0, 'Male', ''),
(384, 'BIBASH RASAILI', 59, 0, 0, 'Male', ''),
(385, 'Pt tar', 4, 10, 1998, 'Male', '987545'),
(386, 'ss', 22, 22, 22, 'Male', '222');

-- --------------------------------------------------------

--
-- Table structure for table `patient_test`
--

DROP TABLE IF EXISTS `patient_test`;
CREATE TABLE IF NOT EXISTS `patient_test` (
  `pt_id` int(11) NOT NULL AUTO_INCREMENT,
  `bill_id` int(11) NOT NULL,
  `test_id` int(11) NOT NULL,
  `price` int(11) NOT NULL,
  PRIMARY KEY (`pt_id`)
) ENGINE=InnoDB AUTO_INCREMENT=2081 DEFAULT CHARSET=utf8 COLLATE=utf8_unicode_ci;

--
-- Dumping data for table `patient_test`
--

INSERT INTO `patient_test` (`pt_id`, `bill_id`, `test_id`, `price`) VALUES
(3, 4, 2, 600),
(4, 4, 3, 300),
(5, 5, 1, 20),
(6, 5, 3, 0),
(7, 6, 1, 500),
(8, 7, 6, 70),
(9, 7, 7, 70),
(10, 7, 8, 120),
(11, 7, 9, 140),
(12, 7, 10, 190),
(13, 7, 11, 200),
(14, 7, 12, 140),
(15, 7, 13, 560),
(16, 7, 14, 270),
(17, 7, 15, 510),
(18, 7, 2, 670),
(19, 8, 11, 123),
(20, 8, 13, 456),
(21, 8, 6, 789),
(22, 8, 8, 863),
(28, 6, 7, 500),
(29, 6, 11, 1000),
(30, 6, 16, 1000),
(31, 9, 7, 70),
(32, 9, 18, 100),
(33, 10, 6, 70),
(34, 10, 7, 70),
(35, 10, 10, 180),
(36, 11, 11, 90),
(37, 12, 11, 200),
(38, 12, 14, 500),
(39, 12, 37, 200),
(40, 12, 38, 500),
(41, 12, 17, 50),
(42, 13, 9, 300),
(43, 14, 4, 600),
(44, 14, 2, 700),
(45, 15, 14, 300),
(46, 15, 20, 350),
(47, 15, 8, 150),
(48, 15, 9, 150),
(49, 15, 21, 500),
(50, 16, 6, 60),
(51, 16, 7, 60),
(52, 16, 50, 60),
(53, 16, 51, 60),
(54, 15, 45, 300),
(55, 15, 46, 350),
(56, 15, 47, 150),
(57, 15, 48, 150),
(58, 15, 49, 500),
(59, 17, 3, 300),
(60, 18, 22, 100),
(61, 18, 8, 130),
(62, 18, 23, 550),
(63, 18, 24, 300),
(64, 18, 21, 550),
(65, 18, 25, 80),
(66, 18, 14, 300),
(67, 18, 9, 130),
(68, 19, 18, 80),
(69, 19, 6, 70),
(70, 19, 22, 150),
(71, 19, 26, 70),
(72, 19, 23, 600),
(73, 19, 24, 300),
(74, 19, 27, 600),
(75, 19, 1, 650),
(76, 19, 21, 650),
(77, 19, 28, 680),
(78, 19, 8, 130),
(79, 19, 9, 130),
(80, 19, 12, 100),
(81, 19, 29, 550),
(82, 19, 30, 550),
(83, 20, 6, 70),
(84, 20, 10, 150),
(85, 20, 31, 1200),
(86, 20, 18, 100),
(87, 20, 32, 650),
(88, 20, 33, 300),
(89, 20, 15, 550),
(90, 21, 6, 50),
(91, 21, 10, 100),
(92, 21, 31, 1400),
(93, 21, 34, 200),
(94, 21, 20, 400),
(95, 21, 33, 400),
(96, 22, 18, 100),
(97, 22, 35, 400),
(98, 23, 36, 100),
(99, 23, 37, 600),
(100, 23, 4, 400),
(101, 23, 12, 400),
(102, 23, 18, 10),
(103, 24, 36, 400),
(104, 24, 37, 400),
(105, 24, 4, 600),
(106, 24, 12, 100),
(107, 25, 34, 200),
(108, 25, 31, 1400),
(109, 25, 25, 50),
(110, 25, 10, 100),
(111, 25, 20, 400),
(112, 25, 33, 400),
(113, 11, 36, 1111),
(114, 26, 38, 400),
(115, 26, 34, 200),
(116, 26, 39, 1300),
(117, 26, 2, 600),
(118, 26, 10, 200),
(119, 26, 9, 150),
(120, 26, 41, 1500),
(121, 26, 42, 600),
(122, 26, 3, 300),
(123, 27, 12, 100),
(124, 27, 14, 250),
(125, 27, 43, 300),
(126, 27, 4, 550),
(127, 27, 2, 550),
(128, 27, 6, 70),
(129, 27, 44, 90),
(130, 28, 7, 60),
(131, 28, 9, 120),
(132, 28, 10, 100),
(133, 28, 2, 600),
(134, 28, 4, 600),
(135, 28, 25, 60),
(136, 28, 130, 60),
(137, 28, 131, 120),
(138, 28, 132, 100),
(139, 28, 133, 600),
(140, 28, 134, 600),
(141, 28, 135, 60),
(142, 29, 23, 600),
(143, 29, 27, 600),
(144, 29, 24, 300),
(145, 29, 4, 600),
(146, 29, 41, 1000),
(147, 29, 14, 300),
(148, 29, 2, 600),
(149, 30, 12, 100),
(150, 30, 14, 250),
(151, 30, 43, 300),
(152, 30, 8, 150),
(153, 30, 9, 150),
(154, 30, 44, 200),
(155, 31, 12, 100),
(156, 31, 45, 300),
(157, 31, 14, 300),
(158, 31, 46, 300),
(159, 31, 25, 70),
(160, 31, 8, 150),
(161, 31, 9, 150),
(162, 31, 4, 600),
(163, 31, 24, 300),
(164, 31, 22, 100),
(165, 31, 23, 600),
(166, 31, 155, 100),
(167, 31, 156, 500),
(168, 31, 157, 400),
(169, 31, 158, 300),
(170, 31, 159, 60),
(171, 31, 160, 150),
(172, 31, 161, 150),
(173, 31, 162, 600),
(174, 31, 163, 300),
(175, 31, 164, 600),
(176, 31, 165, 600),
(177, 32, 12, 200),
(178, 32, 45, 500),
(179, 32, 14, 400),
(180, 32, 46, 400),
(181, 32, 25, 60),
(182, 32, 8, 150),
(183, 32, 9, 150),
(184, 32, 4, 700),
(185, 32, 24, 350),
(186, 32, 22, 200),
(187, 32, 23, 650),
(188, 33, 34, 200),
(189, 33, 31, 1400),
(190, 33, 6, 50),
(191, 33, 7, 50),
(192, 33, 10, 100),
(193, 33, 33, 400),
(194, 33, 2, 600),
(195, 33, 36, 100),
(196, 33, 42, 100),
(197, 33, 32, 100),
(198, 33, 27, 100),
(199, 34, 42, 100),
(200, 34, 32, 100),
(201, 35, 42, 100),
(202, 35, 31, 100),
(203, 35, 11, 100),
(204, 35, 17, 90),
(205, 34, 42, 100),
(206, 34, 31, 100),
(207, 34, 32, 100),
(208, 34, 27, 90),
(209, 35, 42, 100),
(210, 35, 32, 100),
(211, 35, 31, 90),
(212, 36, 31, 50),
(213, 36, 36, 50),
(214, 36, 39, 200),
(215, 37, 31, 100),
(216, 37, 39, 100),
(217, 37, 40, 100),
(218, 38, 32, 100),
(219, 38, 36, 100),
(220, 38, 42, 100),
(221, 38, 26, 100),
(222, 38, 31, 90),
(223, 11, 113, 100),
(224, 39, 18, 30),
(225, 39, 39, 400),
(226, 39, 6, 30),
(227, 39, 7, 30),
(228, 39, 15, 250),
(229, 39, 9, 70),
(230, 39, 2, 250),
(231, 39, 3, 100),
(232, 40, 4, 250),
(233, 40, 25, 30),
(234, 41, 6, 70),
(235, 41, 7, 70),
(236, 41, 15, 510),
(237, 42, 12, 100),
(238, 42, 47, 550),
(239, 42, 14, 300),
(240, 42, 46, 350),
(241, 42, 6, 70),
(242, 42, 7, 70),
(243, 42, 4, 650),
(244, 42, 8, 150),
(245, 42, 9, 150),
(246, 42, 42, 600),
(247, 42, 11, 200),
(248, 42, 10, 200),
(249, 43, 6, 70),
(250, 43, 7, 70),
(251, 43, 4, 650),
(252, 44, 37, 400),
(253, 44, 9, 150),
(254, 44, 6, 70),
(255, 44, 2, 650),
(256, 44, 4, 650),
(257, 44, 34, 200),
(258, 44, 1, 650),
(259, 45, 12, 100),
(260, 45, 45, 400),
(261, 45, 9, 130),
(262, 46, 6, 60),
(263, 46, 7, 60),
(264, 46, 10, 100),
(265, 47, 6, 60),
(266, 47, 7, 60),
(267, 48, 34, 200),
(268, 48, 25, 60),
(269, 48, 1, 600),
(270, 48, 24, 300),
(271, 48, 26, 100),
(272, 48, 22, 100),
(273, 49, 3, 340),
(274, 49, 35, 450),
(275, 49, 48, 2500),
(276, 49, 49, 550),
(277, 49, 50, 550),
(278, 49, 51, 1000),
(279, 49, 45, 400),
(280, 50, 34, 200),
(281, 50, 4, 650),
(282, 50, 25, 70),
(283, 50, 2, 650),
(284, 50, 3, 340),
(285, 50, 26, 100),
(286, 51, 18, 100),
(287, 51, 15, 600),
(288, 51, 6, 60),
(289, 51, 2, 700),
(290, 52, 18, 100),
(291, 52, 4, 600),
(292, 52, 6, 60),
(293, 53, 18, 50),
(294, 53, 39, 1800),
(295, 53, 11, 100),
(296, 53, 9, 100),
(297, 53, 6, 60),
(298, 53, 7, 60),
(299, 53, 3, 350),
(300, 53, 52, 150),
(301, 54, 1, 600),
(302, 54, 24, 350),
(303, 54, 22, 200),
(304, 54, 26, 100),
(305, 54, 23, 600),
(306, 55, 12, 200),
(307, 55, 45, 400),
(308, 56, 12, 130),
(309, 56, 14, 270),
(310, 56, 6, 60),
(311, 56, 4, 650),
(312, 56, 1, 650),
(313, 56, 24, 300),
(314, 56, 22, 150),
(315, 57, 14, 300),
(316, 57, 6, 70),
(317, 57, 7, 70),
(318, 57, 15, 550),
(319, 57, 2, 650),
(320, 57, 8, 150),
(321, 57, 9, 150),
(322, 58, 18, 100),
(323, 58, 6, 70),
(324, 58, 7, 70),
(325, 58, 9, 150),
(326, 58, 2, 650),
(327, 59, 18, 100),
(328, 59, 6, 70),
(329, 59, 7, 70),
(330, 59, 9, 150),
(331, 59, 2, 650),
(332, 60, 16, 1700),
(333, 60, 2, 600),
(334, 60, 4, 600),
(335, 60, 3, 350),
(336, 60, 53, 550),
(337, 61, 12, 150),
(338, 61, 45, 300),
(339, 61, 14, 270),
(340, 61, 8, 150),
(341, 61, 9, 150),
(342, 61, 54, 220),
(343, 61, 4, 650),
(344, 61, 2, 610),
(345, 62, 14, 300),
(346, 62, 6, 70),
(347, 62, 8, 150),
(348, 62, 9, 150),
(349, 62, 47, 500),
(350, 62, 10, 200),
(351, 62, 11, 200),
(352, 62, 12, 200),
(353, 62, 42, 600),
(354, 62, 55, 950),
(355, 62, 56, 700),
(356, 62, 4, 600),
(357, 63, 45, 350),
(358, 64, 18, 100),
(359, 64, 6, 50),
(360, 64, 7, 50),
(361, 64, 10, 200),
(362, 64, 3, 300),
(363, 65, 6, 80),
(364, 65, 7, 80),
(365, 65, 12, 160),
(366, 65, 45, 300),
(367, 65, 57, 800),
(368, 65, 25, 80),
(369, 66, 14, 280),
(370, 66, 25, 70),
(371, 66, 15, 550),
(372, 66, 8, 120),
(373, 66, 9, 130),
(374, 66, 46, 330),
(375, 66, 58, 330),
(376, 66, 23, 670),
(377, 66, 24, 340),
(378, 66, 27, 660),
(379, 67, 12, 150),
(380, 67, 14, 300),
(381, 67, 6, 70),
(382, 67, 7, 70),
(383, 67, 8, 150),
(384, 67, 9, 150),
(385, 67, 10, 190),
(386, 67, 2, 600),
(387, 68, 18, 100),
(388, 68, 35, 400),
(389, 69, 12, 150),
(390, 69, 59, 900),
(391, 69, 22, 100),
(392, 69, 24, 300),
(393, 69, 23, 600),
(394, 69, 27, 600),
(395, 70, 34, 200),
(396, 70, 43, 400),
(397, 70, 2, 600),
(398, 70, 9, 120),
(399, 70, 11, 220),
(400, 70, 3, 350),
(401, 71, 39, 1450),
(402, 71, 18, 100),
(403, 71, 8, 200),
(404, 71, 9, 200),
(405, 71, 2, 700),
(406, 71, 15, 580),
(407, 71, 5, 800),
(408, 71, 10, 200),
(409, 72, 42, 90),
(410, 73, 12, 100),
(411, 73, 45, 300),
(412, 75, 36, 100),
(413, 74, 36, 100),
(414, 75, 34, 450),
(415, 75, 6, 100),
(416, 75, 10, 400),
(417, 75, 9, 450),
(418, 75, 2, 1350),
(419, 75, 61, 450),
(420, 76, 34, 450),
(421, 76, 6, 100),
(422, 76, 9, 450),
(423, 76, 60, 450),
(424, 76, 2, 1350),
(425, 77, 34, 450),
(426, 77, 6, 100),
(427, 77, 10, 450),
(428, 77, 9, 450),
(429, 77, 2, 1350),
(430, 77, 60, 450),
(431, 78, 36, 250),
(432, 79, 14, 350),
(433, 79, 25, 70),
(434, 79, 9, 200),
(435, 79, 2, 700),
(436, 79, 4, 700),
(437, 79, 12, 150),
(438, 80, 62, 200),
(439, 81, 14, 300),
(440, 81, 39, 2000),
(441, 81, 10, 200),
(442, 81, 3, 300),
(443, 82, 28, 1140),
(444, 83, 62, 90),
(445, 86, 62, 90),
(446, 84, 62, 90),
(447, 85, 36, 200),
(448, 86, 32, 10),
(449, 86, 31, 10),
(450, 86, 56, 10),
(451, 87, 32, 10),
(452, 88, 42, 600),
(453, 89, 36, 25),
(454, 90, 18, 100),
(455, 90, 6, 100),
(456, 90, 22, 200),
(457, 90, 24, 300),
(458, 90, 3, 300),
(459, 90, 8, 200),
(460, 90, 9, 200),
(461, 90, 46, 300),
(462, 90, 12, 200),
(463, 90, 45, 400),
(464, 91, 30, 300),
(465, 91, 63, 800),
(466, 91, 64, 300),
(467, 91, 65, 500),
(468, 91, 20, 200),
(469, 91, 14, 150),
(470, 91, 67, 100),
(471, 91, 68, 100),
(472, 91, 69, 100),
(473, 91, 8, 60),
(474, 91, 9, 60),
(475, 91, 66, 1130),
(476, 92, 30, 400),
(477, 92, 63, 800),
(478, 92, 64, 300),
(479, 92, 65, 400),
(480, 92, 66, 1100),
(481, 92, 20, 200),
(482, 92, 14, 160),
(483, 92, 67, 100),
(484, 92, 68, 100),
(485, 92, 69, 120),
(486, 92, 8, 60),
(487, 92, 9, 60),
(488, 93, 6, 50),
(489, 93, 7, 50),
(490, 93, 70, 3800),
(491, 94, 65, 1000),
(492, 95, 65, 1000),
(493, 96, 65, 1000),
(494, 97, 67, 100),
(495, 97, 71, 100),
(496, 97, 68, 100),
(497, 97, 9, 100),
(498, 97, 64, 300),
(499, 97, 8, 100),
(500, 97, 30, 300),
(501, 97, 65, 500),
(502, 97, 63, 1200),
(503, 97, 66, 900),
(504, 97, 14, 300),
(505, 97, 20, 300),
(506, 98, 9, 100),
(507, 98, 25, 50),
(508, 98, 64, 450),
(509, 98, 8, 100),
(510, 98, 30, 600),
(511, 98, 65, 1000),
(512, 98, 43, 250),
(513, 98, 14, 300),
(514, 98, 20, 300),
(515, 99, 42, 1500),
(516, 99, 71, 500),
(517, 100, 14, 300),
(518, 100, 10, 100),
(519, 100, 3, 300),
(520, 101, 39, 1300),
(521, 101, 30, 600),
(522, 101, 64, 450),
(523, 101, 25, 50),
(524, 101, 65, 1000),
(525, 101, 20, 300),
(526, 102, 18, 100),
(527, 103, 65, 550),
(528, 104, 14, 300),
(529, 104, 64, 350),
(530, 104, 30, 600),
(531, 104, 6, 70),
(532, 104, 20, 400),
(533, 105, 14, 300),
(534, 105, 20, 400),
(535, 105, 65, 1300),
(536, 105, 30, 700),
(537, 105, 64, 400),
(538, 106, 18, 100),
(539, 106, 6, 60),
(540, 106, 7, 60),
(541, 106, 3, 300),
(542, 106, 22, 400),
(543, 106, 24, 600),
(544, 106, 23, 600),
(545, 107, 18, 100),
(546, 107, 6, 60),
(547, 107, 7, 60),
(548, 107, 3, 300),
(549, 107, 22, 400),
(550, 107, 24, 600),
(551, 107, 23, 600),
(552, 108, 1, 600),
(553, 109, 18, 100),
(554, 109, 2, 700),
(555, 109, 6, 60),
(556, 109, 7, 60),
(557, 109, 10, 200),
(558, 110, 65, 1000),
(559, 110, 14, 300),
(560, 110, 20, 400),
(561, 111, 20, 400),
(562, 111, 65, 1000),
(563, 111, 14, 300),
(564, 112, 14, 300),
(565, 112, 25, 60),
(566, 112, 9, 150),
(567, 112, 8, 150),
(568, 112, 20, 300),
(569, 113, 18, 100),
(570, 113, 6, 60),
(571, 113, 7, 60),
(572, 113, 8, 150),
(573, 113, 9, 150),
(574, 113, 10, 150),
(575, 113, 2, 700),
(576, 114, 14, 200),
(577, 114, 3, 300),
(578, 115, 14, 200),
(579, 115, 65, 700),
(580, 115, 20, 300),
(581, 116, 14, 200),
(582, 116, 65, 700),
(583, 116, 20, 300),
(584, 117, 14, 300),
(585, 117, 20, 400),
(586, 117, 30, 600),
(587, 117, 65, 1700),
(588, 117, 71, 3600),
(589, 118, 18, 50),
(590, 119, 14, 200),
(591, 119, 71, 3000),
(592, 119, 65, 700),
(593, 119, 6, 70),
(594, 119, 20, 300),
(595, 120, 14, 300),
(596, 120, 58, 300),
(597, 120, 43, 400),
(598, 120, 8, 150),
(599, 120, 9, 150),
(600, 120, 65, 1200),
(601, 120, 20, 350),
(602, 121, 14, 300),
(603, 121, 65, 1200),
(604, 121, 20, 350),
(605, 122, 14, 300),
(606, 122, 65, 1200),
(607, 122, 20, 350),
(608, 123, 14, 300),
(609, 123, 71, 2500),
(610, 123, 65, 1200),
(611, 123, 6, 100),
(612, 123, 20, 350),
(613, 124, 14, 300),
(614, 124, 71, 2500),
(615, 124, 65, 1200),
(616, 124, 6, 100),
(617, 124, 20, 350),
(618, 125, 14, 300),
(619, 125, 65, 1200),
(620, 125, 20, 350),
(621, 126, 1, 600),
(622, 127, 12, 150),
(623, 127, 14, 300),
(624, 127, 43, 400),
(625, 127, 6, 70),
(626, 127, 7, 70),
(627, 127, 4, 600),
(628, 127, 8, 150),
(629, 127, 9, 150),
(630, 127, 11, 250),
(631, 127, 10, 200),
(632, 128, 65, 1500),
(633, 128, 14, 300),
(634, 128, 71, 3000),
(635, 129, 14, 300),
(636, 129, 20, 400),
(637, 129, 65, 1500),
(638, 130, 14, 300),
(639, 130, 20, 400),
(640, 130, 65, 1500),
(641, 130, 71, 3000),
(642, 130, 30, 600),
(643, 131, 4, 600),
(644, 131, 8, 150),
(645, 131, 9, 150),
(646, 131, 6, 60),
(647, 131, 7, 60),
(648, 131, 3, 350),
(649, 132, 6, 70),
(650, 132, 64, 500),
(651, 132, 30, 600),
(652, 132, 68, 120),
(653, 132, 67, 120),
(654, 132, 2, 600),
(655, 132, 20, 400),
(656, 133, 39, 1500),
(657, 133, 25, 60),
(658, 133, 4, 500),
(659, 133, 11, 300),
(660, 133, 1, 600),
(661, 133, 72, 1000),
(662, 133, 20, 400),
(663, 133, 73, 200),
(664, 124, 613, 300),
(665, 124, 614, 2500),
(666, 124, 615, 1200),
(667, 124, 616, 100),
(668, 124, 617, 350),
(669, 123, 608, 300),
(670, 123, 609, 2500),
(671, 123, 610, 1200),
(672, 123, 611, 100),
(673, 123, 612, 350),
(674, 119, 590, 200),
(675, 119, 591, 3000),
(676, 119, 592, 700),
(677, 119, 593, 70),
(678, 119, 594, 300),
(679, 122, 605, 300),
(680, 122, 606, 1200),
(681, 122, 607, 350),
(682, 121, 602, 300),
(683, 121, 603, 1200),
(684, 121, 604, 350),
(685, 116, 581, 200),
(686, 116, 582, 700),
(687, 116, 583, 300),
(688, 115, 578, 200),
(689, 115, 579, 700),
(690, 115, 580, 300),
(691, 125, 618, 300),
(692, 125, 619, 1200),
(693, 125, 620, 350),
(694, 120, 595, 300),
(695, 120, 596, 300),
(696, 120, 597, 400),
(697, 120, 598, 150),
(698, 120, 599, 150),
(699, 120, 600, 1200),
(700, 120, 601, 350),
(701, 56, 308, 130),
(702, 56, 309, 270),
(703, 56, 310, 60),
(704, 56, 311, 650),
(705, 56, 312, 650),
(706, 56, 313, 300),
(707, 56, 314, 150),
(708, 135, 43, 400),
(709, 135, 8, 150),
(710, 135, 9, 150),
(711, 135, 20, 350),
(712, 135, 4, 650),
(713, 135, 65, 1200),
(714, 135, 58, 350),
(715, 135, 708, 400),
(716, 135, 709, 150),
(717, 135, 710, 150),
(718, 135, 711, 350),
(719, 135, 712, 650),
(720, 135, 713, 1200),
(721, 135, 714, 350),
(722, 136, 14, 300),
(723, 136, 20, 400),
(724, 136, 30, 700),
(725, 136, 65, 2000),
(726, 136, 71, 3100),
(727, 137, 14, 300),
(728, 137, 71, 2500),
(729, 137, 65, 1200),
(730, 137, 6, 100),
(731, 137, 20, 350),
(732, 138, 14, 300),
(733, 138, 65, 1200),
(734, 138, 20, 350),
(735, 139, 14, 300),
(736, 139, 58, 300),
(737, 139, 43, 400),
(738, 139, 8, 150),
(739, 139, 9, 150),
(740, 139, 65, 1200),
(741, 139, 20, 350),
(742, 140, 14, 200),
(743, 140, 65, 700),
(744, 140, 20, 300),
(745, 137, 727, 300),
(746, 137, 728, 2500),
(747, 137, 729, 1200),
(748, 137, 730, 100),
(749, 137, 731, 350),
(750, 139, 735, 300),
(751, 139, 736, 300),
(752, 139, 737, 400),
(753, 139, 738, 150),
(754, 139, 739, 150),
(755, 139, 740, 1200),
(756, 139, 741, 350),
(757, 138, 732, 300),
(758, 138, 733, 1200),
(759, 138, 734, 350),
(760, 141, 14, 200),
(761, 141, 65, 700),
(762, 141, 20, 300),
(763, 142, 14, 300),
(764, 142, 71, 2500),
(765, 142, 65, 1200),
(766, 142, 6, 100),
(767, 142, 20, 350),
(768, 140, 742, 200),
(769, 140, 743, 700),
(770, 140, 744, 300),
(771, 141, 760, 200),
(772, 141, 761, 700),
(773, 141, 762, 300),
(774, 143, 14, 300),
(775, 143, 43, 400),
(776, 143, 20, 350),
(777, 144, 6, 70),
(778, 144, 7, 70),
(779, 144, 1, 700),
(780, 145, 65, 1600),
(781, 145, 64, 500),
(782, 145, 20, 300),
(783, 145, 14, 300),
(784, 146, 14, 300),
(785, 146, 71, 2500),
(786, 146, 6, 70),
(787, 146, 64, 450),
(788, 146, 65, 1300),
(789, 146, 20, 350),
(790, 147, 12, 100),
(791, 147, 14, 300),
(792, 147, 31, 1300),
(793, 147, 43, 400),
(794, 147, 4, 600),
(795, 147, 6, 60),
(796, 147, 15, 600),
(797, 147, 2, 700),
(798, 147, 8, 150),
(799, 147, 9, 150),
(800, 147, 10, 200),
(801, 147, 11, 300),
(802, 147, 1, 600),
(803, 147, 20, 400),
(804, 147, 33, 600),
(805, 147, 790, 100),
(806, 147, 791, 300),
(807, 147, 792, 1300),
(808, 147, 793, 400),
(809, 147, 794, 600),
(810, 147, 795, 60),
(811, 147, 796, 600),
(812, 147, 797, 700),
(813, 147, 798, 150),
(814, 147, 799, 150),
(815, 147, 800, 200),
(816, 147, 801, 300),
(817, 147, 802, 600),
(818, 147, 803, 400),
(819, 147, 804, 600),
(820, 148, 31, 1400),
(821, 148, 6, 60),
(822, 148, 7, 60),
(823, 148, 2, 600),
(824, 148, 1, 600),
(825, 148, 33, 400),
(826, 149, 18, 110),
(827, 149, 2, 700),
(828, 149, 5, 640),
(829, 149, 33, 300),
(830, 149, 9, 130),
(831, 149, 10, 200),
(832, 150, 14, 300),
(833, 150, 65, 1000),
(834, 150, 74, 1700),
(835, 151, 14, 300),
(836, 151, 20, 350),
(837, 151, 65, 1800),
(838, 151, 71, 3600),
(839, 151, 30, 550),
(840, 152, 10, 150),
(841, 152, 6, 60),
(842, 152, 7, 60),
(843, 153, 14, 300),
(844, 153, 3, 350),
(845, 153, 39, 1250),
(846, 153, 2, 600),
(847, 154, 14, 300),
(848, 154, 64, 450),
(849, 154, 30, 550),
(850, 154, 25, 70),
(851, 154, 20, 320),
(852, 155, 14, 300),
(853, 155, 64, 450),
(854, 155, 30, 550),
(855, 155, 20, 320),
(856, 156, 71, 2500),
(857, 156, 65, 1500),
(858, 158, 30, 550),
(859, 158, 64, 450),
(860, 158, 20, 320),
(861, 157, 30, 550),
(862, 157, 64, 450),
(863, 157, 20, 320),
(864, 158, 71, 2500),
(865, 159, 65, 1100),
(866, 159, 64, 550),
(867, 159, 20, 450),
(868, 159, 30, 600),
(869, 160, 71, 2500),
(870, 161, 65, 1500),
(871, 161, 20, 350),
(872, 161, 14, 300),
(873, 161, 4, 600),
(874, 161, 30, 550),
(875, 161, 870, 1500),
(876, 161, 871, 350),
(877, 161, 872, 300),
(878, 161, 873, 600),
(879, 161, 874, 550),
(880, 162, 18, 100),
(881, 162, 4, 650),
(882, 163, 14, 300),
(883, 163, 75, 200),
(884, 163, 4, 600),
(885, 164, 10, 150),
(886, 164, 6, 60),
(887, 164, 7, 60),
(888, 165, 14, 300),
(889, 165, 76, 100),
(890, 165, 4, 600),
(891, 165, 6, 60),
(892, 165, 73, 250),
(893, 165, 20, 400),
(894, 163, 882, 300),
(895, 163, 883, 200),
(896, 163, 884, 600),
(897, 166, 18, 120),
(898, 166, 26, 100),
(899, 166, 22, 190),
(900, 166, 24, 350),
(901, 166, 3, 340),
(902, 167, 2, 700),
(903, 167, 4, 600),
(904, 168, 14, 200),
(905, 168, 30, 500),
(906, 168, 64, 300),
(907, 168, 65, 1100),
(908, 168, 67, 130),
(909, 168, 68, 130),
(910, 168, 77, 130),
(911, 168, 8, 100),
(912, 169, 71, 3000),
(913, 168, 904, 200),
(914, 168, 905, 500),
(915, 168, 906, 300),
(916, 168, 907, 1100),
(917, 168, 908, 130),
(918, 168, 909, 130),
(919, 168, 910, 130),
(920, 168, 911, 100),
(921, 168, 9, 100),
(922, 168, 20, 300),
(923, 170, 14, 300),
(924, 170, 20, 400),
(925, 170, 30, 600),
(926, 170, 71, 3000),
(927, 171, 6, 70),
(928, 171, 7, 70),
(929, 171, 15, 530),
(930, 171, 12, 150),
(931, 171, 42, 620),
(932, 171, 10, 200),
(933, 172, 18, 100),
(934, 172, 2, 700),
(935, 172, 6, 60),
(936, 172, 7, 60),
(937, 172, 10, 200),
(938, 173, 14, 300),
(939, 173, 2, 700),
(940, 173, 4, 800),
(941, 173, 3, 300),
(942, 174, 6, 60),
(943, 174, 7, 60),
(944, 175, 6, 60),
(945, 175, 7, 60),
(946, 176, 14, 300),
(947, 176, 20, 400),
(948, 176, 30, 600),
(949, 176, 65, 1500),
(950, 176, 71, 3000),
(951, 177, 14, 300),
(952, 177, 20, 400),
(953, 177, 30, 600),
(954, 177, 71, 3000),
(955, 177, 65, 1500),
(956, 176, 946, 300),
(957, 176, 947, 400),
(958, 176, 948, 600),
(959, 176, 949, 1500),
(960, 176, 950, 3000),
(961, 178, 2, 700),
(962, 178, 8, 120),
(963, 178, 9, 130),
(964, 178, 5, 640),
(965, 178, 10, 200),
(966, 178, 18, 110),
(967, 178, 6, 70),
(968, 179, 14, 280),
(969, 179, 2, 700),
(970, 179, 8, 120),
(971, 179, 9, 130),
(972, 179, 6, 70),
(973, 179, 15, 530),
(974, 179, 10, 200),
(975, 179, 43, 480),
(976, 179, 5, 640),
(977, 179, 4, 670),
(978, 179, 12, 150),
(979, 179, 42, 620),
(980, 180, 34, 200),
(981, 180, 8, 150),
(982, 180, 9, 150),
(983, 180, 10, 120),
(984, 180, 2, 650),
(985, 180, 3, 350),
(986, 181, 6, 70),
(987, 181, 7, 70),
(988, 182, 4, 700),
(989, 182, 15, 600),
(990, 182, 1, 750),
(991, 183, 14, 300),
(992, 183, 4, 600),
(993, 183, 37, 450),
(994, 183, 6, 70),
(995, 184, 70, 6500),
(996, 185, 70, 6500),
(997, 185, 996, 6500),
(998, 186, 34, 200),
(999, 186, 25, 60),
(1000, 186, 2, 650),
(1001, 186, 10, 100),
(1002, 186, 9, 140),
(1003, 186, 3, 350),
(1004, 187, 34, 300),
(1005, 187, 4, 750),
(1006, 187, 25, 100),
(1007, 187, 2, 750),
(1008, 187, 10, 250),
(1009, 187, 9, 250),
(1010, 187, 43, 600),
(1011, 187, 3, 350),
(1012, 187, 41, 1500),
(1013, 188, 78, 2600),
(1014, 188, 14, 300),
(1015, 188, 10, 150),
(1016, 188, 20, 300),
(1017, 188, 6, 60),
(1018, 188, 8, 150),
(1019, 188, 9, 150),
(1020, 189, 14, 350),
(1021, 189, 4, 700),
(1022, 189, 26, 100),
(1023, 190, 14, 350),
(1024, 190, 6, 70),
(1025, 190, 64, 500),
(1026, 190, 4, 650),
(1027, 190, 20, 450),
(1028, 191, 43, 400),
(1029, 191, 6, 70),
(1030, 191, 9, 200),
(1031, 192, 14, 350),
(1032, 192, 71, 2500),
(1033, 192, 6, 70),
(1034, 192, 64, 500),
(1035, 192, 65, 1200),
(1036, 192, 20, 450),
(1037, 193, 12, 200),
(1038, 193, 45, 400),
(1039, 193, 6, 70),
(1040, 193, 30, 500),
(1041, 193, 3, 350),
(1042, 193, 20, 450),
(1043, 194, 14, 350),
(1044, 194, 20, 450),
(1045, 195, 14, 350),
(1046, 195, 71, 2500),
(1047, 195, 6, 70),
(1048, 195, 64, 500),
(1049, 195, 4, 650),
(1050, 195, 20, 450),
(1051, 196, 12, 200),
(1052, 196, 14, 350),
(1053, 196, 6, 70),
(1054, 196, 9, 200),
(1055, 196, 42, 600),
(1056, 196, 20, 450),
(1057, 196, 1051, 200),
(1058, 196, 1052, 350),
(1059, 196, 1053, 70),
(1060, 196, 1054, 200),
(1061, 196, 1055, 600),
(1062, 196, 1056, 450),
(1063, 197, 71, 2500),
(1064, 197, 9, 200),
(1065, 197, 4, 650),
(1066, 198, 8, 200),
(1067, 199, 65, 1200),
(1068, 199, 6, 70),
(1069, 199, 20, 450),
(1070, 200, 43, 400),
(1071, 200, 9, 200),
(1072, 201, 12, 200),
(1073, 201, 45, 400),
(1074, 202, 6, 70),
(1075, 202, 20, 450),
(1076, 203, 14, 350),
(1077, 203, 71, 2500),
(1078, 203, 6, 70),
(1079, 203, 64, 500),
(1080, 203, 65, 1200),
(1081, 203, 20, 450),
(1082, 204, 34, 200),
(1083, 204, 25, 70),
(1084, 204, 3, 350),
(1085, 205, 34, 200),
(1086, 205, 25, 70),
(1087, 205, 8, 120),
(1088, 205, 9, 130),
(1089, 205, 3, 350),
(1090, 205, 10, 200),
(1091, 206, 14, 350),
(1092, 206, 4, 550),
(1093, 206, 2, 650),
(1094, 206, 6, 60),
(1095, 206, 7, 60),
(1096, 206, 8, 150),
(1097, 206, 9, 150),
(1098, 207, 38, 100),
(1099, 207, 43, 400),
(1100, 207, 42, 500),
(1101, 208, 79, 780),
(1102, 209, 6, 70),
(1103, 209, 7, 70),
(1104, 209, 4, 700),
(1105, 210, 3, 350),
(1106, 211, 46, 300),
(1107, 211, 15, 600),
(1108, 211, 61, 100),
(1109, 211, 9, 200),
(1110, 211, 6, 70),
(1111, 211, 7, 70),
(1112, 211, 24, 300),
(1113, 211, 80, 600),
(1114, 211, 23, 600),
(1115, 212, 2, 550),
(1116, 212, 39, 1300),
(1117, 212, 41, 1300),
(1118, 212, 10, 200),
(1119, 212, 3, 350),
(1120, 212, 25, 100),
(1121, 213, 28, 780),
(1122, 214, 12, 200),
(1123, 214, 14, 350),
(1124, 214, 25, 70),
(1125, 215, 28, 780),
(1126, 216, 12, 200),
(1127, 216, 14, 350),
(1128, 216, 25, 70),
(1129, 217, 4, 600),
(1130, 218, 6, 50),
(1131, 218, 14, 300),
(1132, 218, 20, 400),
(1133, 218, 65, 1500),
(1134, 218, 64, 500),
(1135, 219, 14, 300),
(1136, 219, 20, 400),
(1137, 219, 65, 1500),
(1138, 219, 6, 50),
(1139, 219, 81, 200),
(1140, 219, 61, 200),
(1141, 220, 4, 700),
(1142, 220, 6, 70),
(1143, 220, 7, 70),
(1144, 220, 9, 200),
(1145, 221, 6, 70),
(1146, 221, 7, 70),
(1147, 221, 8, 140),
(1148, 221, 9, 140),
(1149, 222, 14, 300),
(1150, 222, 4, 600),
(1151, 222, 25, 50),
(1152, 222, 1, 600),
(1153, 223, 20, 300),
(1154, 224, 14, 300),
(1155, 224, 71, 2500),
(1156, 224, 65, 1200),
(1157, 224, 4, 600),
(1158, 224, 6, 70),
(1159, 224, 2, 600),
(1160, 224, 9, 200),
(1161, 225, 20, 300),
(1162, 226, 14, 300),
(1163, 226, 71, 2500),
(1164, 226, 65, 1200),
(1165, 226, 4, 600),
(1166, 226, 6, 70),
(1167, 226, 2, 600),
(1168, 226, 9, 200),
(1169, 227, 12, 100),
(1170, 227, 45, 300),
(1171, 227, 14, 300),
(1172, 227, 43, 400),
(1173, 227, 4, 600),
(1174, 227, 2, 700),
(1175, 227, 8, 150),
(1176, 227, 9, 150),
(1177, 227, 11, 300),
(1178, 227, 10, 150),
(1179, 227, 6, 50),
(1180, 227, 3, 300),
(1181, 228, 82, 3500),
(1182, 228, 3, 400),
(1183, 229, 14, 300),
(1184, 229, 4, 600),
(1185, 229, 10, 200),
(1186, 229, 25, 50),
(1187, 229, 8, 150),
(1188, 229, 9, 150),
(1189, 229, 1, 600),
(1190, 229, 26, 50),
(1191, 230, 20, 400),
(1192, 231, 14, 300),
(1193, 231, 4, 600),
(1194, 231, 10, 200),
(1195, 231, 25, 50),
(1196, 231, 8, 150),
(1197, 231, 9, 150),
(1198, 231, 1, 600),
(1199, 231, 26, 50),
(1200, 232, 14, 300),
(1201, 232, 4, 600),
(1202, 232, 10, 200),
(1203, 232, 25, 50),
(1204, 232, 8, 150),
(1205, 232, 9, 150),
(1206, 232, 1, 600),
(1207, 232, 26, 50),
(1208, 232, 20, 400),
(1209, 233, 4, 670),
(1210, 233, 8, 120),
(1211, 233, 9, 130),
(1212, 233, 13, 570),
(1213, 233, 14, 280),
(1214, 233, 12, 150),
(1215, 233, 6, 70),
(1216, 233, 11, 220),
(1217, 233, 10, 200),
(1218, 233, 83, 620),
(1219, 234, 14, 300),
(1220, 234, 71, 2500),
(1221, 234, 65, 1200),
(1222, 234, 30, 600),
(1223, 234, 20, 300),
(1224, 235, 12, 150),
(1225, 235, 14, 300),
(1226, 235, 43, 400),
(1227, 235, 39, 1300),
(1228, 235, 4, 600),
(1229, 235, 8, 150),
(1230, 235, 9, 150),
(1231, 235, 11, 250),
(1232, 235, 5, 850),
(1233, 236, 14, 300),
(1234, 236, 30, 600),
(1235, 236, 64, 300),
(1236, 236, 9, 200),
(1237, 236, 7, 70),
(1238, 236, 20, 350),
(1239, 237, 14, 300),
(1240, 237, 71, 2500),
(1241, 237, 67, 150),
(1242, 237, 68, 150),
(1243, 237, 1239, 300),
(1244, 237, 1240, 2500),
(1245, 237, 1241, 150),
(1246, 237, 1242, 150),
(1247, 238, 14, 300),
(1248, 238, 4, 600),
(1249, 238, 73, 300),
(1250, 238, 20, 400),
(1251, 239, 34, 200),
(1252, 239, 6, 70),
(1253, 239, 4, 700),
(1254, 239, 2, 700),
(1255, 239, 8, 200),
(1256, 239, 9, 200),
(1257, 240, 18, 100),
(1258, 240, 84, 140),
(1259, 240, 6, 60),
(1260, 241, 12, 150),
(1261, 241, 14, 300),
(1262, 241, 26, 100),
(1263, 242, 12, 100),
(1264, 242, 45, 400),
(1265, 242, 14, 300),
(1266, 242, 6, 60),
(1267, 242, 57, 1000),
(1268, 243, 41, 1300),
(1269, 243, 6, 60),
(1270, 243, 7, 60),
(1271, 244, 12, 150),
(1272, 244, 45, 350),
(1273, 245, 34, 190),
(1274, 245, 25, 70),
(1275, 245, 9, 200),
(1276, 245, 2, 600),
(1277, 245, 3, 300),
(1278, 246, 34, 190),
(1279, 246, 4, 700),
(1280, 246, 3, 310),
(1281, 246, 35, 500),
(1282, 247, 2, 650),
(1283, 247, 10, 100),
(1284, 247, 3, 350),
(1285, 248, 6, 60),
(1286, 248, 7, 60),
(1287, 248, 9, 130),
(1288, 249, 14, 300),
(1289, 249, 20, 450),
(1290, 249, 71, 3000),
(1291, 249, 30, 600),
(1292, 249, 25, 70),
(1293, 249, 65, 1500),
(1294, 249, 63, 2500),
(1295, 249, 21, 670),
(1296, 250, 6, 60),
(1297, 250, 7, 60),
(1298, 250, 1, 600),
(1299, 250, 85, 200),
(1300, 250, 10, 200),
(1301, 251, 14, 300),
(1302, 251, 20, 450),
(1303, 251, 4, 670),
(1304, 251, 71, 3000),
(1305, 251, 65, 1500),
(1306, 251, 30, 600),
(1307, 251, 6, 70),
(1308, 252, 4, 670),
(1309, 252, 36, 390),
(1310, 252, 37, 450),
(1311, 252, 20, 450),
(1312, 253, 14, 350),
(1313, 253, 76, 300),
(1314, 253, 4, 750),
(1315, 253, 86, 750),
(1316, 253, 87, 700),
(1317, 253, 88, 1000),
(1318, 253, 25, 50),
(1319, 253, 3, 350),
(1320, 253, 9, 200),
(1321, 254, 14, 300),
(1322, 254, 10, 150),
(1323, 254, 6, 70),
(1324, 254, 3, 250),
(1325, 255, 14, 350),
(1326, 255, 43, 400),
(1327, 255, 4, 650),
(1328, 255, 8, 150),
(1329, 255, 9, 150),
(1330, 255, 11, 250),
(1331, 255, 10, 200),
(1332, 255, 2, 650),
(1333, 255, 3, 350),
(1334, 255, 1325, 350),
(1335, 255, 1326, 400),
(1336, 255, 1327, 650),
(1337, 255, 1328, 150),
(1338, 255, 1329, 150),
(1339, 255, 1330, 250),
(1340, 255, 1331, 200),
(1341, 255, 1332, 650),
(1342, 255, 1333, 350),
(1343, 256, 12, 150),
(1344, 256, 45, 300),
(1345, 256, 14, 300),
(1346, 256, 39, 1300),
(1347, 256, 43, 400),
(1348, 256, 15, 550),
(1349, 256, 6, 70),
(1350, 256, 2, 600),
(1351, 256, 1343, 150),
(1352, 256, 1344, 300),
(1353, 256, 1345, 300),
(1354, 256, 1346, 1300),
(1355, 256, 1347, 400),
(1356, 256, 1348, 550),
(1357, 256, 1349, 70),
(1358, 256, 1350, 600),
(1359, 256, 4, 600),
(1360, 256, 8, 150),
(1361, 256, 9, 150),
(1362, 256, 10, 200),
(1363, 256, 1, 600),
(1364, 257, 15, 550),
(1365, 257, 6, 70),
(1366, 257, 9, 150),
(1367, 258, 6, 80),
(1368, 258, 7, 80),
(1369, 258, 9, 240),
(1370, 258, 12, 200),
(1371, 258, 43, 600),
(1372, 259, 2, 700),
(1373, 259, 4, 600),
(1374, 259, 6, 60),
(1375, 260, 2, 700),
(1376, 260, 4, 600),
(1377, 260, 6, 60),
(1378, 261, 14, 280),
(1379, 261, 24, 340),
(1380, 261, 23, 670),
(1381, 261, 27, 660),
(1382, 261, 8, 120),
(1383, 261, 61, 190),
(1384, 261, 12, 150),
(1385, 261, 9, 130),
(1386, 262, 18, 100),
(1387, 262, 10, 150),
(1388, 262, 8, 120),
(1389, 262, 9, 120),
(1390, 262, 89, 200),
(1391, 262, 2, 550),
(1392, 263, 5, 640),
(1393, 263, 14, 280),
(1394, 263, 8, 120),
(1395, 263, 9, 130),
(1396, 263, 2, 660),
(1397, 263, 10, 200),
(1398, 263, 25, 70),
(1399, 264, 43, 500),
(1400, 264, 6, 60),
(1401, 264, 7, 60),
(1402, 264, 2, 700),
(1403, 264, 15, 600),
(1404, 264, 4, 600),
(1405, 264, 8, 150),
(1406, 264, 9, 150),
(1407, 264, 11, 200),
(1408, 264, 10, 200),
(1409, 264, 1, 600),
(1410, 265, 28, 680),
(1411, 266, 79, 700),
(1412, 267, 3, 350),
(1413, 267, 39, 960),
(1414, 267, 25, 70),
(1415, 267, 34, 200),
(1416, 268, 12, 120),
(1417, 268, 45, 500),
(1418, 268, 14, 350),
(1419, 268, 43, 400),
(1420, 268, 8, 200),
(1421, 268, 9, 200),
(1422, 268, 6, 60),
(1423, 268, 11, 250),
(1424, 269, 12, 120),
(1425, 269, 45, 500),
(1426, 269, 14, 350),
(1427, 269, 43, 400),
(1428, 269, 8, 200),
(1429, 269, 9, 200),
(1430, 269, 6, 60),
(1431, 269, 11, 250),
(1432, 269, 10, 150),
(1433, 269, 4, 650),
(1434, 270, 12, 120),
(1435, 270, 39, 2000),
(1436, 270, 6, 60),
(1437, 270, 8, 200),
(1438, 270, 9, 200),
(1439, 270, 10, 150),
(1440, 270, 11, 250),
(1441, 271, 2, 700),
(1442, 271, 4, 600),
(1443, 271, 6, 60),
(1444, 272, 18, 100),
(1445, 272, 35, 400),
(1446, 273, 39, 2000),
(1447, 273, 6, 70),
(1448, 273, 7, 70),
(1449, 273, 3, 350),
(1450, 274, 2, 600),
(1451, 274, 6, 70),
(1452, 274, 42, 600),
(1453, 274, 3, 350),
(1454, 275, 14, 400),
(1455, 275, 72, 600),
(1456, 276, 12, 150),
(1457, 276, 45, 500),
(1458, 276, 14, 300),
(1459, 276, 46, 350),
(1460, 276, 43, 400),
(1461, 276, 90, 200),
(1462, 276, 6, 70),
(1463, 276, 7, 70),
(1464, 276, 15, 600),
(1465, 276, 4, 600),
(1466, 276, 8, 200),
(1467, 276, 9, 200),
(1468, 276, 11, 250),
(1469, 276, 10, 200),
(1470, 276, 91, 200),
(1471, 276, 44, 200),
(1472, 276, 3, 350),
(1473, 277, 14, 450),
(1474, 277, 9, 120),
(1475, 278, 18, 100),
(1476, 278, 35, 400),
(1477, 279, 12, 150),
(1478, 279, 14, 350),
(1479, 279, 6, 70),
(1480, 279, 15, 600),
(1481, 279, 4, 600),
(1482, 279, 5, 650),
(1483, 279, 24, 350),
(1484, 279, 22, 200),
(1485, 279, 27, 600),
(1486, 279, 23, 600),
(1487, 279, 1477, 150),
(1488, 279, 1478, 350),
(1489, 279, 1479, 70),
(1490, 279, 1480, 600),
(1491, 279, 1481, 600),
(1492, 279, 1482, 650),
(1493, 279, 1483, 350),
(1494, 279, 1484, 200),
(1495, 279, 1485, 600),
(1496, 279, 1486, 600),
(1497, 280, 14, 450),
(1498, 280, 43, 550),
(1499, 280, 6, 70),
(1500, 280, 10, 200),
(1501, 280, 8, 200),
(1502, 280, 9, 200),
(1503, 280, 11, 200),
(1504, 280, 4, 600),
(1505, 280, 3, 350),
(1506, 280, 53, 600),
(1507, 281, 6, 70),
(1508, 281, 7, 70),
(1509, 281, 15, 550),
(1510, 281, 2, 650),
(1511, 281, 42, 600),
(1512, 283, 4, 450),
(1513, 284, 14, 300),
(1514, 284, 43, 400),
(1515, 284, 2, 700),
(1516, 284, 15, 600),
(1517, 284, 6, 60),
(1518, 284, 8, 100),
(1519, 284, 9, 100),
(1520, 284, 10, 200),
(1521, 284, 11, 400),
(1522, 285, 72, 600),
(1523, 286, 14, 300),
(1524, 286, 92, 2200),
(1525, 286, 6, 60),
(1526, 286, 57, 1000),
(1527, 287, 14, 400),
(1528, 287, 82, 3100),
(1529, 288, 93, 3000),
(1530, 288, 26, 100),
(1531, 289, 82, 4000),
(1532, 290, 14, 280),
(1533, 290, 2, 700),
(1534, 290, 57, 900),
(1535, 290, 12, 150),
(1536, 290, 45, 380),
(1537, 291, 12, 150),
(1538, 291, 94, 150),
(1539, 291, 95, 150),
(1540, 291, 96, 600),
(1541, 291, 45, 600),
(1542, 291, 97, 600),
(1543, 292, 14, 400),
(1544, 292, 43, 400),
(1545, 292, 10, 200),
(1546, 292, 8, 200),
(1547, 292, 9, 200),
(1548, 292, 44, 200),
(1549, 292, 2, 700),
(1550, 292, 1, 700),
(1551, 292, 72, 500),
(1552, 292, 1543, 400),
(1553, 292, 1544, 400),
(1554, 292, 1545, 200),
(1555, 292, 1546, 200),
(1556, 292, 1547, 200),
(1557, 292, 1548, 200),
(1558, 292, 1549, 700),
(1559, 292, 1550, 700),
(1560, 292, 1551, 500),
(1561, 292, 11, 200),
(1562, 290, 1532, 280),
(1563, 290, 1533, 700),
(1564, 290, 1534, 900),
(1565, 290, 1535, 150),
(1566, 290, 1536, 380),
(1567, 293, 12, 200),
(1568, 294, 15, 530),
(1569, 294, 21, 670),
(1570, 294, 14, 280),
(1571, 294, 8, 120),
(1572, 294, 9, 130),
(1573, 294, 98, 240),
(1574, 294, 99, 240),
(1575, 294, 10, 200),
(1576, 294, 11, 220),
(1577, 294, 12, 150),
(1578, 294, 3, 350),
(1579, 294, 83, 620),
(1580, 295, 6, 70),
(1581, 295, 14, 280),
(1582, 295, 100, 980),
(1583, 295, 39, 960),
(1584, 295, 41, 990),
(1585, 295, 7, 70),
(1586, 295, 11, 220),
(1587, 295, 3, 350),
(1588, 296, 14, 280),
(1589, 296, 7, 70),
(1590, 296, 5, 640),
(1591, 296, 26, 140),
(1592, 296, 50, 490),
(1593, 296, 49, 490),
(1594, 297, 18, 110),
(1595, 297, 4, 670),
(1596, 297, 3, 350),
(1597, 298, 14, 250),
(1598, 298, 39, 900),
(1599, 298, 6, 70),
(1600, 298, 10, 150),
(1601, 298, 64, 300),
(1602, 298, 3, 300),
(1603, 299, 65, 700),
(1604, 299, 4, 650),
(1605, 300, 65, 700),
(1606, 301, 14, 300),
(1607, 301, 10, 200),
(1608, 301, 1, 600),
(1609, 302, 12, 200),
(1610, 302, 45, 300),
(1611, 302, 14, 300),
(1612, 302, 8, 150),
(1613, 302, 9, 150),
(1614, 302, 43, 500),
(1615, 302, 15, 500),
(1616, 302, 6, 60),
(1617, 302, 11, 200),
(1618, 302, 10, 200),
(1619, 302, 1609, 200),
(1620, 302, 1610, 300),
(1621, 302, 1611, 300),
(1622, 302, 1612, 150),
(1623, 302, 1613, 150),
(1624, 302, 1614, 500),
(1625, 302, 1615, 500),
(1626, 302, 1616, 60),
(1627, 302, 1617, 200),
(1628, 302, 1618, 200),
(1629, 303, 2, 700),
(1630, 303, 3, 300),
(1631, 304, 14, 400),
(1632, 304, 4, 600),
(1633, 304, 6, 60),
(1634, 304, 7, 60),
(1635, 304, 10, 200),
(1636, 304, 72, 700),
(1637, 305, 12, 200),
(1638, 305, 45, 300),
(1639, 305, 14, 300),
(1640, 305, 8, 150),
(1641, 305, 9, 150),
(1642, 305, 43, 500),
(1643, 305, 15, 500),
(1644, 305, 6, 60),
(1645, 305, 11, 200),
(1646, 305, 10, 200),
(1647, 305, 34, 200),
(1648, 305, 4, 500),
(1649, 305, 10, 100),
(1650, 305, 2, 600),
(1651, 305, 8, 150),
(1652, 305, 9, 150),
(1653, 305, 41, 1100),
(1654, 305, 39, 1400),
(1655, 305, 3, 300),
(1656, 306, 34, 200),
(1657, 306, 4, 500),
(1658, 306, 10, 100),
(1659, 306, 2, 600),
(1660, 306, 8, 150),
(1661, 306, 9, 150),
(1662, 306, 41, 1100),
(1663, 306, 39, 1400),
(1664, 306, 3, 300),
(1665, 307, 2, 700),
(1666, 307, 6, 60),
(1667, 308, 8, 300),
(1668, 308, 25, 60),
(1669, 308, 10, 100),
(1670, 308, 1667, 150),
(1671, 308, 1668, 60),
(1672, 308, 1669, 100),
(1673, 308, 9, 150),
(1674, 309, 2, 600),
(1675, 309, 15, 550),
(1676, 310, 34, 200),
(1677, 310, 31, 1050),
(1678, 310, 6, 50),
(1679, 310, 7, 50),
(1680, 310, 10, 100),
(1681, 310, 20, 400),
(1682, 310, 89, 400),
(1683, 311, 34, 200),
(1684, 311, 31, 1000),
(1685, 311, 25, 60),
(1686, 311, 10, 100),
(1687, 311, 2, 500),
(1688, 311, 20, 400),
(1689, 311, 89, 400),
(1690, 312, 14, 350),
(1691, 312, 8, 200),
(1692, 312, 9, 200),
(1693, 312, 25, 60),
(1694, 312, 4, 700),
(1695, 312, 3, 380),
(1696, 312, 89, 450),
(1697, 312, 20, 450),
(1698, 312, 12, 150),
(1699, 313, 26, 140),
(1700, 313, 3, 350),
(1701, 313, 22, 400),
(1702, 313, 23, 400),
(1703, 313, 24, 400),
(1704, 313, 6, 70),
(1705, 313, 28, 900),
(1706, 313, 34, 250),
(1707, 314, 12, 150),
(1708, 315, 14, 300),
(1709, 315, 25, 50),
(1710, 315, 72, 950),
(1711, 316, 95, 200),
(1712, 317, 95, 200),
(1713, 317, 101, 3600),
(1714, 318, 1, 500),
(1715, 319, 12, 300),
(1716, 319, 34, 200),
(1717, 319, 25, 50),
(1718, 319, 9, 200),
(1719, 319, 10, 200),
(1720, 319, 2, 550),
(1721, 319, 26, 100),
(1722, 320, 14, 300),
(1723, 320, 2, 700),
(1724, 320, 1, 600),
(1725, 321, 14, 300),
(1726, 321, 26, 150),
(1727, 322, 39, 2400),
(1728, 322, 4, 650),
(1729, 322, 41, 1200),
(1730, 322, 1, 650),
(1731, 323, 18, 100),
(1732, 323, 2, 650),
(1733, 323, 6, 60),
(1734, 323, 1, 650),
(1735, 323, 26, 100),
(1736, 324, 6, 60),
(1737, 324, 7, 60),
(1738, 324, 15, 600),
(1739, 324, 9, 250),
(1740, 324, 99, 250),
(1741, 324, 2, 650),
(1742, 324, 67, 200),
(1743, 324, 10, 250),
(1744, 324, 42, 600),
(1745, 324, 3, 300),
(1746, 325, 6, 60),
(1747, 325, 7, 60),
(1748, 325, 9, 250),
(1749, 325, 99, 250),
(1750, 325, 2, 650),
(1751, 325, 67, 200),
(1752, 325, 10, 250),
(1753, 326, 42, 600),
(1754, 327, 2, 700),
(1755, 328, 12, 150),
(1756, 328, 14, 300),
(1757, 328, 102, 600),
(1758, 328, 43, 400),
(1759, 328, 11, 200),
(1760, 328, 10, 200),
(1761, 328, 4, 600),
(1762, 328, 2, 650),
(1763, 328, 6, 100),
(1764, 329, 10, 200),
(1765, 329, 11, 300),
(1766, 329, 39, 1100),
(1767, 330, 14, 400),
(1768, 330, 62, 150),
(1769, 330, 103, 800),
(1770, 330, 25, 60),
(1771, 330, 102, 300),
(1772, 330, 3, 300),
(1773, 331, 6, 60),
(1774, 331, 7, 60),
(1775, 332, 6, 60),
(1776, 332, 7, 60),
(1777, 332, 3, 350),
(1778, 333, 6, 60),
(1779, 333, 7, 60),
(1780, 334, 103, 1200),
(1781, 335, 4, 600),
(1782, 335, 6, 60),
(1783, 335, 102, 300),
(1784, 335, 43, 400),
(1785, 335, 11, 300),
(1786, 335, 10, 200),
(1787, 336, 2, 700),
(1788, 336, 6, 60),
(1789, 336, 7, 60),
(1790, 336, 18, 100),
(1791, 336, 102, 300),
(1792, 336, 43, 400),
(1793, 336, 11, 300),
(1794, 336, 10, 200),
(1795, 337, 12, 150),
(1796, 337, 45, 500),
(1797, 337, 1, 650),
(1798, 338, 6, 50),
(1799, 338, 7, 50),
(1800, 338, 18, 150),
(1801, 339, 102, 300),
(1802, 339, 43, 400),
(1803, 339, 2, 700),
(1804, 339, 11, 300),
(1805, 339, 10, 200),
(1806, 339, 4, 600),
(1807, 340, 92, 2200),
(1808, 341, 14, 400),
(1809, 341, 5, 1000),
(1810, 341, 7, 100),
(1811, 341, 1808, 400),
(1812, 341, 1809, 1000),
(1813, 341, 1810, 100),
(1814, 342, 12, 100),
(1815, 342, 14, 350),
(1816, 342, 25, 100),
(1817, 342, 9, 150),
(1818, 342, 4, 650),
(1819, 342, 2, 700),
(1820, 343, 12, 150),
(1821, 343, 45, 400),
(1822, 344, 14, 300),
(1823, 344, 102, 300),
(1824, 344, 43, 400),
(1825, 344, 6, 50),
(1826, 344, 2, 500),
(1827, 344, 11, 250),
(1828, 344, 44, 250),
(1829, 344, 10, 200),
(1830, 344, 3, 350),
(1831, 345, 14, 300),
(1832, 345, 102, 300),
(1833, 345, 43, 400),
(1834, 345, 6, 50),
(1835, 345, 4, 600),
(1836, 345, 2, 500),
(1837, 345, 11, 250),
(1838, 345, 44, 250),
(1839, 345, 10, 200),
(1840, 345, 3, 350),
(1841, 346, 4, 500),
(1842, 347, 39, 1500),
(1843, 347, 6, 50),
(1844, 347, 7, 50),
(1845, 347, 2, 500),
(1846, 347, 3, 300),
(1847, 348, 14, 350),
(1848, 348, 25, 60),
(1849, 348, 10, 200),
(1850, 349, 14, 300),
(1851, 349, 25, 60),
(1852, 349, 3, 300),
(1853, 349, 24, 300),
(1854, 349, 22, 200),
(1855, 349, 26, 100),
(1856, 349, 104, 450),
(1857, 350, 103, 700),
(1858, 351, 14, 350),
(1859, 351, 10, 200),
(1860, 351, 39, 1300),
(1861, 351, 11, 220),
(1862, 352, 34, 200),
(1863, 352, 31, 1000),
(1864, 352, 25, 60),
(1865, 352, 10, 100),
(1866, 352, 2, 600),
(1867, 352, 20, 400),
(1868, 352, 89, 400),
(1869, 353, 14, 300),
(1870, 353, 4, 500),
(1871, 353, 8, 150),
(1872, 353, 9, 150),
(1873, 353, 98, 175),
(1874, 353, 99, 175),
(1875, 353, 25, 60),
(1876, 353, 3, 300),
(1877, 353, 26, 100),
(1878, 354, 14, 400),
(1879, 354, 8, 150),
(1880, 354, 9, 150),
(1881, 354, 98, 200),
(1882, 354, 99, 200),
(1883, 354, 4, 600),
(1884, 354, 15, 600),
(1885, 354, 2, 700),
(1886, 354, 11, 300),
(1887, 354, 10, 200),
(1888, 354, 1, 600),
(1889, 354, 72, 700),
(1890, 355, 14, 350),
(1891, 355, 39, 1300),
(1892, 355, 43, 650),
(1893, 355, 10, 170),
(1894, 355, 11, 200),
(1895, 355, 105, 650),
(1896, 356, 14, 350),
(1897, 356, 39, 1300),
(1898, 356, 10, 200),
(1899, 356, 11, 220),
(1900, 356, 25, 70),
(1901, 356, 15, 700),
(1902, 357, 1, 600),
(1903, 358, 14, 350),
(1904, 358, 10, 200),
(1905, 359, 14, 350),
(1906, 359, 39, 1300),
(1907, 359, 10, 200),
(1908, 359, 1905, 350),
(1909, 359, 1906, 1300),
(1910, 359, 1907, 200),
(1911, 360, 34, 200),
(1912, 360, 25, 60),
(1913, 360, 10, 100),
(1914, 360, 2, 500),
(1915, 360, 20, 400),
(1916, 360, 89, 400),
(1917, 361, 31, 1000),
(1918, 362, 18, 100),
(1919, 362, 6, 50),
(1920, 362, 26, 100),
(1921, 362, 22, 200),
(1922, 362, 24, 400),
(1923, 362, 3, 300),
(1924, 362, 8, 150),
(1925, 362, 9, 150),
(1926, 362, 12, 150),
(1927, 362, 45, 350),
(1928, 362, 28, 650),
(1929, 363, 18, 100),
(1930, 363, 15, 650),
(1931, 363, 1, 650),
(1932, 363, 26, 100),
(1933, 364, 34, 200),
(1934, 364, 25, 60),
(1935, 364, 24, 300),
(1936, 364, 26, 100),
(1937, 364, 22, 200),
(1938, 364, 23, 400),
(1939, 364, 3, 300),
(1940, 364, 12, 150),
(1941, 364, 45, 250),
(1942, 365, 106, 200),
(1943, 365, 25, 60),
(1944, 365, 24, 300),
(1945, 365, 26, 100),
(1946, 365, 22, 200),
(1947, 365, 23, 400),
(1948, 365, 12, 150),
(1949, 365, 45, 250),
(1950, 365, 3, 300),
(1951, 366, 34, 200),
(1952, 366, 31, 1000),
(1953, 366, 6, 60),
(1954, 366, 25, 60),
(1955, 366, 10, 100),
(1956, 366, 2, 500),
(1957, 366, 4, 500),
(1958, 366, 20, 400),
(1959, 366, 89, 400),
(1960, 367, 18, 100),
(1961, 367, 26, 100),
(1962, 367, 15, 650),
(1963, 367, 1, 650),
(1964, 368, 14, 350),
(1965, 368, 39, 1300),
(1966, 368, 10, 200),
(1967, 368, 11, 200),
(1968, 369, 14, 350),
(1969, 369, 10, 200),
(1970, 369, 11, 200),
(1971, 369, 39, 1300),
(1972, 370, 10, 170),
(1973, 371, 43, 400),
(1974, 372, 18, 100),
(1975, 372, 28, 650),
(1976, 372, 1, 650),
(1977, 372, 26, 100),
(1978, 373, 14, 350),
(1979, 373, 78, 3200),
(1980, 373, 39, 1300),
(1981, 373, 10, 200),
(1982, 373, 105, 600),
(1983, 374, 18, 100),
(1984, 374, 107, 150),
(1985, 374, 67, 200),
(1986, 374, 9, 200),
(1987, 374, 3, 380),
(1988, 374, 20, 450),
(1989, 375, 28, 650),
(1990, 376, 14, 400),
(1991, 376, 25, 60),
(1992, 376, 9, 220),
(1993, 376, 4, 550),
(1994, 376, 2, 650),
(1995, 376, 3, 350),
(1996, 377, 1, 700),
(1997, 378, 14, 350),
(1998, 378, 39, 1800),
(1999, 378, 10, 200),
(2000, 378, 11, 200),
(2001, 378, 41, 1300),
(2002, 379, 14, 350),
(2003, 379, 39, 1300),
(2004, 379, 10, 200),
(2005, 379, 11, 200),
(2006, 380, 12, 200),
(2007, 380, 14, 350),
(2008, 380, 31, 1200),
(2009, 380, 39, 1300),
(2010, 380, 10, 200),
(2011, 380, 11, 200),
(2012, 380, 20, 450),
(2013, 380, 89, 450),
(2014, 381, 18, 100),
(2015, 381, 6, 60),
(2016, 381, 2, 700),
(2017, 381, 4, 600),
(2018, 382, 108, 250),
(2019, 382, 11, 200),
(2020, 382, 72, 1400),
(2021, 383, 3, 380),
(2022, 384, 102, 300),
(2023, 384, 6, 60),
(2024, 384, 7, 60),
(2025, 385, 14, 350),
(2026, 385, 39, 1300),
(2027, 385, 10, 200),
(2028, 385, 11, 200),
(2029, 385, 41, 1800),
(2030, 385, 1, 700),
(2031, 386, 12, 150),
(2032, 386, 18, 100),
(2033, 386, 25, 60),
(2034, 386, 22, 100),
(2035, 386, 24, 300),
(2036, 386, 26, 100),
(2037, 387, 12, 150),
(2038, 387, 6, 60),
(2039, 387, 7, 60),
(2040, 387, 2, 650),
(2041, 388, 10, 170),
(2042, 389, 14, 350),
(2043, 389, 39, 1300),
(2044, 389, 109, 700),
(2045, 389, 10, 200),
(2046, 389, 11, 200),
(2047, 389, 2042, 350),
(2048, 389, 2043, 1300),
(2049, 389, 2044, 700),
(2050, 389, 2045, 200),
(2051, 389, 2046, 200),
(2052, 390, 18, 100),
(2053, 390, 28, 650),
(2054, 390, 1, 650),
(2055, 390, 26, 100),
(2056, 391, 15, 700),
(2057, 391, 39, 1300),
(2058, 391, 11, 200),
(2059, 392, 14, 400),
(2060, 392, 69, 200),
(2061, 393, 15, 500),
(2062, 394, 75, 212),
(2063, 161, 62, 22),
(2064, 0, 62, 223),
(2065, 0, 75, 50),
(2066, 162, 109, 89),
(2067, 0, 75, 5000),
(2068, 0, 109, 8888),
(2069, 395, 109, 400),
(2070, 396, 109, 4555),
(2071, 397, 109, 45),
(2072, 398, 109, 4433),
(2073, 399, 109, 666),
(2074, 400, 72, 447),
(2075, 401, 109, 1444),
(2076, 402, 75, 44),
(2077, 403, 109, 77),
(2078, 404, 75, 33),
(2079, 405, 109, 1999),
(2080, 406, 109, 888);

-- --------------------------------------------------------

--
-- Table structure for table `sample_collector`
--

DROP TABLE IF EXISTS `sample_collector`;
CREATE TABLE IF NOT EXISTS `sample_collector` (
  `sample_collected_id` int(11) NOT NULL AUTO_INCREMENT,
  `sample_collected_name` varchar(255) NOT NULL,
  `sample_address` varchar(255) NOT NULL,
  `sample_contact` int(20) NOT NULL,
  PRIMARY KEY (`sample_collected_id`)
) ENGINE=MyISAM AUTO_INCREMENT=9 DEFAULT CHARSET=latin1;

--
-- Dumping data for table `sample_collector`
--

INSERT INTO `sample_collector` (`sample_collected_id`, `sample_collected_name`, `sample_address`, `sample_contact`) VALUES
(1, 'fudu laal', 'ffff', 987678),
(2, 'kkkkdddd', 'dddd', 5433456),
(3, 'ffffffee', 'ddddd333', 33333),
(4, 'fffffftybhb', 'kjj', 77777),
(8, 'd22222', 'ww', 444),
(6, 'ffr54311', '55', 5555),
(7, 'dd', 'dd', 33);

-- --------------------------------------------------------

--
-- Table structure for table `tests`
--

DROP TABLE IF EXISTS `tests`;
CREATE TABLE IF NOT EXISTS `tests` (
  `test_id` int(11) NOT NULL AUTO_INCREMENT,
  `test_name` varchar(255) COLLATE utf8_unicode_ci NOT NULL,
  `price` int(11) DEFAULT NULL,
  PRIMARY KEY (`test_id`)
) ENGINE=InnoDB AUTO_INCREMENT=110 DEFAULT CHARSET=utf8 COLLATE=utf8_unicode_ci;

--
-- Dumping data for table `tests`
--

INSERT INTO `tests` (`test_id`, `test_name`, `price`) VALUES
(1, 'T3+T4+TSH', 20),
(2, 'LIPID PROFILE', NULL),
(3, 'TSH', NULL),
(4, 'LFT', NULL),
(5, 'FT4 , TSH', NULL),
(6, 'GLUCOSE (FASTING)', NULL),
(7, 'GLUCOSE (PP)', NULL),
(8, 'UREA', NULL),
(9, 'CREATININE', NULL),
(10, 'URIC ACID', NULL),
(11, 'CALCIUM', NULL),
(12, 'URINE RE', NULL),
(13, 'ELECTROLITISE', NULL),
(14, 'COMPLETE HAEMOGRAM (CBC)', NULL),
(15, 'GLYCOCYLATED HEMOGLOBIN HBA1C (HPLC)', NULL),
(16, 'KFT', NULL),
(17, 'CCT', NULL),
(18, 'Hb% (Haemoglobin)', NULL),
(19, 'TORCH', NULL),
(20, 'CRP', NULL),
(21, 'LIVER FUNCTION TEST', NULL),
(22, 'VDRL TEST', NULL),
(23, 'HIV I & II', NULL),
(24, 'HBSAG (AUSTRALIA ANTIGEN)', NULL),
(25, 'GLUCOSE (RANDOM)', NULL),
(26, 'BLOOD GROUP & RH FACTOR', NULL),
(27, 'ANTI HCV', NULL),
(28, 'HB% ELECTROPHORESIS (BY HPLC)', NULL),
(29, 'IRON, TIBC & TRANSFERRIN SATURATION', NULL),
(30, 'FERRITIN', NULL),
(31, 'Anti CCP (Cyclic Citrullinated Peptide)', NULL),
(32, 'ANA (Anti Nuclear Antibodies )', NULL),
(33, 'RA-Factor', NULL),
(34, 'HB, TC, DC, ESR', NULL),
(35, 'PRL (Prolactin)', NULL),
(36, 'Amylase (Serum)', NULL),
(37, 'LIPASE', NULL),
(38, 'Ketone Random Urine', NULL),
(39, 'Vitamin D3 (25 - OH)', NULL),
(41, 'Vitamin B12', NULL),
(42, 'ACR : Microalbumin:Creatinine Ratio Spot', NULL),
(43, 'Sodium & Potasium', NULL),
(44, 'CHLORIDE (Serum)', NULL),
(45, 'URINE FOR CULTURE & SENSITIVITY', NULL),
(46, 'PROTHROMBIN TIME (PT/INR)', NULL),
(47, 'ELECTROLYTE PROFILE', NULL),
(48, 'TORCH (10) PANEL', NULL),
(49, 'PHOSPHOLIPID IGM', NULL),
(50, 'PHOSPHOLIPID IGG', 0),
(51, 'LUPUS ANTICOAGULANT', NULL),
(52, 'TC,DC,ESR', NULL),
(53, 'PSA (Prostate Specific Antigen)', NULL),
(54, 'Potassium (K+Serum)', NULL),
(55, 'C 3 (COMPLIMENT 3)', NULL),
(56, 'ANTI DS DNA ANTIBODY', NULL),
(57, 'FT3+FT4+TSH (CLIA)', NULL),
(58, 'APTT', NULL),
(59, 'Anti TPO (Anti Thyroid Peroxidase)', NULL),
(61, 'Bilirubin Total, Conj. & Unconj.', NULL),
(62, 'ABSOLUTE EOSINOPHIL COUNT', NULL),
(63, 'PCT (Procalcitonin)', NULL),
(64, 'LDH', NULL),
(65, 'D-DIMER', NULL),
(66, 'CYTOKINES (IL-6)', NULL),
(67, 'SGPT', NULL),
(68, 'SGOT', NULL),
(69, 'ALBUNIN ', NULL),
(70, 'COVID-19 MONITORING PROFILE', NULL),
(71, 'INTERLEUKIN-6 (IL-6)', NULL),
(72, ' IgE (Immunoglobulin E)', NULL),
(73, 'Widal Test', NULL),
(74, 'SARS COV2(S) ANTIBODY TITRE (MEDID:7936519)', NULL),
(75, 'Abnormal Cells(Blood)', NULL),
(76, 'MP (Malarial Parasite)', NULL),
(77, 'ALBUMIN', NULL),
(78, 'HLA-B-27 (BY PCR)', NULL),
(79, 'BETA - HCG', NULL),
(80, 'HCV(ELISA)', NULL),
(81, 'TRIGLYCERIDES', NULL),
(82, 'ALLERGY (BLOOD) ELISA', NULL),
(83, 'ACR (SPOT URINE FOR ACR)', NULL),
(84, 'BT & CT (Bleeding Time & Clotting Time)', NULL),
(85, 'FT4', NULL),
(86, 'OPTIMAL MALERIA / DUAL ANTIGEN', NULL),
(87, 'TYPHI DOT IGM & IGG', NULL),
(88, 'DENGUE NS1 (AG & AB)', NULL),
(89, 'RA FACTOR', NULL),
(90, 'PHOSPHORUS', NULL),
(91, 'BICARBONATE (HCO3)', NULL),
(92, 'AMH ( ANTI MULLERIAN HORMON )', NULL),
(93, 'TB PCR (DNA)', NULL),
(94, 'STOOL RE', NULL),
(95, 'SPUTUM FOR AFB (Z.N. STAIN)', NULL),
(96, 'SPUTUM CULTURE AND SENSITIVITY', NULL),
(97, 'STOOL CULTURE AND SENSITIVITY', NULL),
(98, 'SODIUM', NULL),
(99, 'POTASSIUM', NULL),
(100, 'LH+FSH+PRL', NULL),
(101, 'GENEX PART (SPUTAM)', NULL),
(102, 'UREA & CREATININE', NULL),
(103, 'IGE (TOTAL)', NULL),
(104, 'HIV ELISA', NULL),
(105, 'MAGNESIUM', NULL),
(106, 'HB%,TC,DC & ESR', NULL),
(107, 'PLATELET COUNT', NULL),
(108, 'CHOLESTEROL-TOTAL', NULL),
(109, ' Lactate, Lactic Acid', NULL);

-- --------------------------------------------------------

--
-- Table structure for table `user`
--

DROP TABLE IF EXISTS `user`;
CREATE TABLE IF NOT EXISTS `user` (
  `user_id` int(11) NOT NULL AUTO_INCREMENT,
  `user_name` varchar(200) COLLATE utf8_unicode_ci NOT NULL,
  `user_email` varchar(200) COLLATE utf8_unicode_ci NOT NULL,
  `user_password` varchar(255) COLLATE utf8_unicode_ci NOT NULL,
  `user_type` enum('Admin','User') COLLATE utf8_unicode_ci NOT NULL,
  PRIMARY KEY (`user_id`)
) ENGINE=InnoDB AUTO_INCREMENT=4 DEFAULT CHARSET=utf8 COLLATE=utf8_unicode_ci;

--
-- Dumping data for table `user`
--

INSERT INTO `user` (`user_id`, `user_name`, `user_email`, `user_password`, `user_type`) VALUES
(1, 'Sandipan', 'grandred@demo.com', '0b340aecc87b4eceecf5c4105839aaa3', 'Admin'),
(2, 'Rahul Pal Chowdhury', 'rahul@wellnessslg.com', 'ba5c4542a74a0cdbd51ada8a643f2d8e', 'Admin'),
(3, 'rinki', 'rinki@test', '827ccb0eea8a706c4c34a16891f84e7b', 'Admin');
COMMIT;

/*!40101 SET CHARACTER_SET_CLIENT=@OLD_CHARACTER_SET_CLIENT */;
/*!40101 SET CHARACTER_SET_RESULTS=@OLD_CHARACTER_SET_RESULTS */;
/*!40101 SET COLLATION_CONNECTION=@OLD_COLLATION_CONNECTION */;
